condition,bit_index,subband,cnn_ber,classical_ber,zero_ber,is_worst_10,target_one_frequency,predicted_one_frequency,always_zero,always_one
clean,0,LH2,0.0,0.14,True,True,0.525,0.525,False,False
clean,1,LH2,0.0,0.215,True,True,0.45,0.45,False,False
clean,2,LH2,0.0,0.215,True,True,0.54,0.54,False,False
clean,3,LH2,0.0,0.145,True,True,0.53,0.53,False,False
clean,4,LH2,0.0,0.11,True,True,0.5,0.5,False,False
clean,5,LH2,0.0,0.105,True,True,0.525,0.525,False,False
clean,6,LH2,0.0,0.25,True,False,0.52,0.52,False,False
clean,7,LH2,0.0,0.12,True,False,0.52,0.52,False,False
clean,8,LH2,0.0,0.09,True,False,0.495,0.495,False,False
clean,9,LH2,0.0,0.205,True,False,0.57,0.57,False,False
clean,10,LH2,0.0,0.195,True,False,0.545,0.545,False,False
clean,11,LH2,0.0,0.13,True,False,0.51,0.51,False,False
clean,12,LH2,0.0,0.095,True,False,0.54,0.54,False,False
clean,13,LH2,0.0,0.07,True,False,0.475,0.475,False,False
clean,14,LH2,0.0,0.095,True,False,0.52,0.52,False,False
clean,15,LH2,0.0,0.19,True,False,0.5,0.5,False,False
clean,16,LH2,0.0,0.165,True,False,0.5,0.5,False,False
clean,17,LH2,0.0,0.18,True,False,0.455,0.455,False,False
clean,18,LH2,0.0,0.055,True,False,0.54,0.54,False,False
clean,19,LH2,0.0,0.11,True,False,0.52,0.52,False,False
clean,20,LH2,0.0,0.075,True,False,0.5,0.5,False,False
clean,21,LH2,0.0,0.07,True,False,0.55,0.55,False,False
clean,22,LH2,0.0,0.125,True,False,0.485,0.485,False,False
clean,23,LH2,0.0,0.065,True,False,0.56,0.56,False,False
clean,24,LH2,0.0,0.17,True,False,0.525,0.525,False,False
clean,25,LH2,0.0,0.185,True,False,0.475,0.475,False,False
clean,26,LH2,0.0,0.145,True,False,0.535,0.535,False,False
clean,27,LH2,0.0,0.045,True,False,0.46,0.46,False,False
clean,28,LH2,0.0,0.09,True,False,0.58,0.58,False,False
clean,29,LH2,0.0,0.2,True,False,0.505,0.505,False,False
clean,30,LH2,0.0,0.02,True,False,0.51,0.51,False,False
clean,31,LH2,0.0,0.05,True,False,0.46,0.46,False,False
clean,32,LH2,0.0,0.145,True,False,0.53,0.53,False,False
clean,33,LH2,0.0,0.105,True,False,0.46,0.46,False,False
clean,34,LH2,0.0,0.08,True,False,0.44,0.44,False,False
clean,35,LH2,0.0,0.09,True,False,0.475,0.475,False,False
clean,36,LH2,0.0,0.22,True,False,0.545,0.545,False,False
clean,37,LH2,0.0,0.05,True,False,0.47,0.47,False,False
clean,38,LH2,0.0,0.035,True,False,0.5,0.5,False,False
clean,39,LH2,0.0,0.025,True,False,0.475,0.475,False,False
clean,40,LH2,0.0,0.125,True,False,0.495,0.495,False,False
clean,41,LH2,0.005,0.04,False,True,0.5,0.505,False,False
clean,42,LH2,0.0,0.075,True,False,0.51,0.51,False,False
clean,43,LH2,0.005,0.065,False,True,0.475,0.48,False,False
clean,44,LH2,0.0,0.1,True,False,0.54,0.54,False,False
clean,45,LH2,0.0,0.215,True,False,0.555,0.555,False,False
clean,46,LH2,0.0,0.03,True,False,0.415,0.415,False,False
clean,47,LH2,0.0,0.21,True,False,0.52,0.52,False,False
clean,48,LH2,0.0,0.12,True,False,0.515,0.515,False,False
clean,49,LH2,0.0,0.05,True,False,0.56,0.56,False,False
clean,50,LH2,0.0,0.055,True,False,0.485,0.485,False,False
clean,51,LH2,0.0,0.08,True,False,0.55,0.55,False,False
clean,52,LH2,0.0,0.085,True,False,0.525,0.525,False,False
clean,53,LH2,0.0,0.11,True,False,0.44,0.44,False,False
clean,54,LH2,0.0,0.085,True,False,0.5,0.5,False,False
clean,55,LH2,0.0,0.13,True,False,0.475,0.475,False,False
clean,56,LH2,0.0,0.09,True,False,0.51,0.51,False,False
clean,57,LH2,0.0,0.205,True,False,0.505,0.505,False,False
clean,58,LH2,0.0,0.12,True,False,0.51,0.51,False,False
clean,59,LH2,0.0,0.1,True,False,0.535,0.535,False,False
clean,60,LH2,0.0,0.135,True,False,0.475,0.475,False,False
clean,61,LH2,0.0,0.15,True,False,0.515,0.515,False,False
clean,62,LH2,0.0,0.215,True,False,0.52,0.52,False,False
clean,63,LH2,0.0,0.185,True,False,0.54,0.54,False,False
clean,64,HL2,0.0,0.225,True,False,0.525,0.525,False,False
clean,65,HL2,0.0,0.23,True,False,0.54,0.54,False,False
clean,66,HL2,0.0,0.15,True,False,0.5,0.5,False,False
clean,67,HL2,0.0,0.23,True,False,0.495,0.495,False,False
clean,68,HL2,0.0,0.15,True,False,0.49,0.49,False,False
clean,69,HL2,0.0,0.105,True,False,0.555,0.555,False,False
clean,70,HL2,0.0,0.145,True,False,0.58,0.58,False,False
clean,71,HL2,0.0,0.105,True,False,0.505,0.505,False,False
clean,72,HL2,0.0,0.175,True,False,0.455,0.455,False,False
clean,73,HL2,0.0,0.085,True,False,0.485,0.485,False,False
clean,74,HL2,0.0,0.115,True,False,0.49,0.49,False,False
clean,75,HL2,0.0,0.22,True,False,0.52,0.52,False,False
clean,76,HL2,0.0,0.245,True,False,0.57,0.57,False,False
clean,77,HL2,0.005,0.215,False,True,0.525,0.53,False,False
clean,78,HL2,0.0,0.06,True,False,0.44,0.44,False,False
clean,79,HL2,0.0,0.23,True,False,0.53,0.53,False,False
clean,80,HL2,0.0,0.11,True,False,0.51,0.51,False,False
clean,81,HL2,0.0,0.085,True,False,0.485,0.485,False,False
clean,82,HL2,0.0,0.02,True,False,0.525,0.525,False,False
clean,83,HL2,0.0,0.085,True,False,0.435,0.435,False,False
clean,84,HL2,0.0,0.05,True,False,0.475,0.475,False,False
clean,85,HL2,0.0,0.205,True,False,0.495,0.495,False,False
clean,86,HL2,0.0,0.095,True,False,0.535,0.535,False,False
clean,87,HL2,0.0,0.01,True,False,0.5,0.5,False,False
clean,88,HL2,0.0,0.11,True,False,0.51,0.51,False,False
clean,89,HL2,0.0,0.155,True,False,0.51,0.51,False,False
clean,90,HL2,0.0,0.025,True,False,0.46,0.46,False,False
clean,91,HL2,0.0,0.1,True,False,0.46,0.46,False,False
clean,92,HL2,0.0,0.035,True,False,0.495,0.495,False,False
clean,93,HL2,0.0,0.185,True,False,0.42,0.42,False,False
clean,94,HL2,0.0,0.145,True,False,0.535,0.535,False,False
clean,95,HL2,0.0,0.225,True,False,0.5,0.5,False,False
clean,96,HL2,0.0,0.175,True,False,0.52,0.52,False,False
clean,97,HL2,0.0,0.04,True,False,0.52,0.52,False,False
clean,98,HL2,0.0,0.18,True,False,0.505,0.505,False,False
clean,99,HL2,0.01,0.03,False,True,0.475,0.485,False,False
clean,100,HL2,0.0,0.135,True,False,0.59,0.59,False,False
clean,101,HL2,0.0,0.19,True,False,0.5,0.5,False,False
clean,102,HL2,0.0,0.13,True,False,0.51,0.51,False,False
clean,103,HL2,0.0,0.075,True,False,0.45,0.45,False,False
clean,104,HL2,0.0,0.13,True,False,0.48,0.48,False,False
clean,105,HL2,0.0,0.1,True,False,0.485,0.485,False,False
clean,106,HL2,0.0,0.105,True,False,0.48,0.48,False,False
clean,107,HL2,0.0,0.205,True,False,0.535,0.535,False,False
clean,108,HL2,0.0,0.13,True,False,0.5,0.5,False,False
clean,109,HL2,0.0,0.165,True,False,0.555,0.555,False,False
clean,110,HL2,0.0,0.18,True,False,0.58,0.58,False,False
clean,111,HL2,0.0,0.065,True,False,0.525,0.525,False,False
clean,112,HL2,0.0,0.17,True,False,0.465,0.465,False,False
clean,113,HL2,0.0,0.135,True,False,0.5,0.5,False,False
clean,114,HL2,0.0,0.17,True,False,0.475,0.475,False,False
clean,115,HL2,0.0,0.05,True,False,0.495,0.495,False,False
clean,116,HL2,0.0,0.19,True,False,0.54,0.54,False,False
clean,117,HL2,0.0,0.14,True,False,0.52,0.52,False,False
clean,118,HL2,0.0,0.135,True,False,0.54,0.54,False,False
clean,119,HL2,0.0,0.105,True,False,0.48,0.48,False,False
clean,120,HL2,0.0,0.18,True,False,0.515,0.515,False,False
clean,121,HL2,0.0,0.165,True,False,0.535,0.535,False,False
clean,122,HL2,0.0,0.185,True,False,0.49,0.49,False,False
clean,123,HL2,0.0,0.15,True,False,0.465,0.465,False,False
clean,124,HL2,0.0,0.185,True,False,0.55,0.55,False,False
clean,125,HL2,0.0,0.085,True,False,0.46,0.46,False,False
clean,126,HL2,0.0,0.2,True,False,0.5,0.5,False,False
clean,127,HL2,0.0,0.115,True,False,0.51,0.51,False,False
resize75,0,LH2,0.115,0.265,False,False,0.525,0.55,False,False
resize75,1,LH2,0.015,0.255,False,False,0.45,0.465,False,False
resize75,2,LH2,0.025,0.255,False,False,0.54,0.555,False,False
resize75,3,LH2,0.105,0.245,False,False,0.53,0.575,False,False
resize75,4,LH2,0.15,0.225,False,False,0.5,0.55,False,False
resize75,5,LH2,0.145,0.22,False,False,0.525,0.56,False,False
resize75,6,LH2,0.035,0.285,False,False,0.52,0.505,False,False
resize75,7,LH2,0.13,0.24,False,False,0.52,0.51,False,False
resize75,8,LH2,0.09,0.175,False,False,0.495,0.505,False,False
resize75,9,LH2,0.04,0.28,False,False,0.57,0.58,False,False
resize75,10,LH2,0.06,0.26,False,False,0.545,0.545,False,False
resize75,11,LH2,0.09,0.205,False,False,0.51,0.51,False,False
resize75,12,LH2,0.085,0.17,False,False,0.54,0.525,False,False
resize75,13,LH2,0.155,0.195,False,True,0.475,0.55,False,False
resize75,14,LH2,0.09,0.19,False,False,0.52,0.53,False,False
resize75,15,LH2,0.045,0.235,False,False,0.5,0.525,False,False
resize75,16,LH2,0.04,0.22,False,False,0.5,0.52,False,False
resize75,17,LH2,0.005,0.205,False,False,0.455,0.46,False,False
resize75,18,LH2,0.145,0.195,False,False,0.54,0.555,False,False
resize75,19,LH2,0.125,0.225,False,False,0.52,0.595,False,False
resize75,20,LH2,0.13,0.21,False,False,0.5,0.51,False,False
resize75,21,LH2,0.1,0.185,False,False,0.55,0.57,False,False
resize75,22,LH2,0.1,0.225,False,False,0.485,0.455,False,False
resize75,23,LH2,0.095,0.14,False,False,0.56,0.575,False,False
resize75,24,LH2,0.085,0.235,False,False,0.525,0.55,False,False
resize75,25,LH2,0.085,0.29,False,False,0.475,0.48,False,False
resize75,26,LH2,0.105,0.235,False,False,0.535,0.53,False,False
resize75,27,LH2,0.105,0.155,False,False,0.46,0.525,False,False
resize75,28,LH2,0.125,0.195,False,False,0.58,0.575,False,False
resize75,29,LH2,0.065,0.28,False,False,0.505,0.51,False,False
resize75,30,LH2,0.115,0.105,False,False,0.51,0.585,False,False
resize75,31,LH2,0.095,0.17,False,False,0.46,0.445,False,False
resize75,32,LH2,0.065,0.22,False,False,0.53,0.535,False,False
resize75,33,LH2,0.065,0.195,False,False,0.46,0.455,False,False
resize75,34,LH2,0.115,0.215,False,False,0.44,0.465,False,False
resize75,35,LH2,0.14,0.22,False,False,0.475,0.505,False,False
resize75,36,LH2,0.045,0.275,False,False,0.545,0.55,False,False
resize75,37,LH2,0.095,0.155,False,False,0.47,0.525,False,False
resize75,38,LH2,0.205,0.275,False,True,0.5,0.545,False,False
resize75,39,LH2,0.11,0.15,False,False,0.475,0.425,False,False
resize75,40,LH2,0.075,0.18,False,False,0.495,0.46,False,False
resize75,41,LH2,0.12,0.18,False,False,0.5,0.53,False,False
resize75,42,LH2,0.15,0.23,False,False,0.51,0.51,False,False
resize75,43,LH2,0.17,0.2,False,True,0.475,0.555,False,False
resize75,44,LH2,0.12,0.21,False,False,0.54,0.55,False,False
resize75,45,LH2,0.035,0.265,False,False,0.555,0.55,False,False
resize75,46,LH2,0.075,0.12,False,False,0.415,0.45,False,False
resize75,47,LH2,0.045,0.275,False,False,0.52,0.515,False,False
resize75,48,LH2,0.075,0.195,False,False,0.515,0.5,False,False
resize75,49,LH2,0.1,0.15,False,False,0.56,0.59,False,False
resize75,50,LH2,0.095,0.175,False,False,0.485,0.53,False,False
resize75,51,LH2,0.095,0.195,False,False,0.55,0.535,False,False
resize75,52,LH2,0.145,0.205,False,False,0.525,0.5,False,False
resize75,53,LH2,0.115,0.225,False,False,0.44,0.465,False,False
resize75,54,LH2,0.085,0.175,False,False,0.5,0.525,False,False
resize75,55,LH2,0.08,0.19,False,False,0.475,0.465,False,False
resize75,56,LH2,0.11,0.22,False,False,0.51,0.49,False,False
resize75,57,LH2,0.06,0.28,False,False,0.505,0.495,False,False
resize75,58,LH2,0.075,0.215,False,False,0.51,0.535,False,False
resize75,59,LH2,0.09,0.17,False,False,0.535,0.535,False,False
resize75,60,LH2,0.075,0.22,False,False,0.475,0.52,False,False
resize75,61,LH2,0.09,0.255,False,False,0.515,0.545,False,False
resize75,62,LH2,0.035,0.28,False,False,0.52,0.525,False,False
resize75,63,LH2,0.08,0.275,False,False,0.54,0.56,False,False
resize75,64,HL2,0.015,0.25,False,False,0.525,0.53,False,False
resize75,65,HL2,0.055,0.27,False,False,0.54,0.545,False,False
resize75,66,HL2,0.095,0.255,False,False,0.5,0.525,False,False
resize75,67,HL2,0.03,0.29,False,False,0.495,0.505,False,False
resize75,68,HL2,0.055,0.22,False,False,0.49,0.505,False,False
resize75,69,HL2,0.155,0.26,False,False,0.555,0.54,False,False
resize75,70,HL2,0.13,0.26,False,False,0.58,0.6,False,False
resize75,71,HL2,0.135,0.24,False,False,0.505,0.55,False,False
resize75,72,HL2,0.055,0.23,False,False,0.455,0.48,False,False
resize75,73,HL2,0.13,0.215,False,False,0.485,0.525,False,False
resize75,74,HL2,0.12,0.215,False,False,0.49,0.55,False,False
resize75,75,HL2,0.085,0.31,False,False,0.52,0.535,False,False
resize75,76,HL2,0.055,0.305,False,False,0.57,0.565,False,False
resize75,77,HL2,0.065,0.305,False,False,0.525,0.53,False,False
resize75,78,HL2,0.2,0.25,False,True,0.44,0.48,False,False
resize75,79,HL2,0.085,0.31,False,False,0.53,0.555,False,False
resize75,80,HL2,0.1,0.215,False,False,0.51,0.55,False,False
resize75,81,HL2,0.165,0.25,False,True,0.485,0.49,False,False
resize75,82,HL2,0.11,0.155,False,False,0.525,0.525,False,False
resize75,83,HL2,0.175,0.25,False,True,0.435,0.48,False,False
resize75,84,HL2,0.175,0.21,False,True,0.475,0.54,False,False
resize75,85,HL2,0.05,0.25,False,False,0.495,0.495,False,False
resize75,86,HL2,0.165,0.245,False,True,0.535,0.54,False,False
resize75,87,HL2,0.155,0.175,False,False,0.5,0.535,False,False
resize75,88,HL2,0.12,0.225,False,False,0.51,0.55,False,False
resize75,89,HL2,0.12,0.26,False,False,0.51,0.56,False,False
resize75,90,HL2,0.15,0.155,False,False,0.46,0.45,False,False
resize75,91,HL2,0.125,0.225,False,False,0.46,0.475,False,False
resize75,92,HL2,0.21,0.225,False,True,0.495,0.455,False,False
resize75,93,HL2,0.115,0.3,False,False,0.42,0.465,False,False
resize75,94,HL2,0.06,0.215,False,False,0.535,0.565,False,False
resize75,95,HL2,0.08,0.305,False,False,0.5,0.54,False,False
resize75,96,HL2,0.085,0.265,False,False,0.52,0.555,False,False
resize75,97,HL2,0.12,0.17,False,False,0.52,0.53,False,False
resize75,98,HL2,0.1,0.26,False,False,0.505,0.545,False,False
resize75,99,HL2,0.18,0.235,False,True,0.475,0.535,False,False
resize75,100,HL2,0.1,0.255,False,False,0.59,0.57,False,False
resize75,101,HL2,0.07,0.27,False,False,0.5,0.51,False,False
resize75,102,HL2,0.105,0.23,False,False,0.51,0.555,False,False
resize75,103,HL2,0.095,0.18,False,False,0.45,0.505,False,False
resize75,104,HL2,0.105,0.215,False,False,0.48,0.475,False,False
resize75,105,HL2,0.115,0.19,False,False,0.485,0.55,False,False
resize75,106,HL2,0.1,0.2,False,False,0.48,0.52,False,False
resize75,107,HL2,0.04,0.28,False,False,0.535,0.555,False,False
resize75,108,HL2,0.07,0.205,False,False,0.5,0.55,False,False
resize75,109,HL2,0.065,0.225,False,False,0.555,0.54,False,False
resize75,110,HL2,0.055,0.255,False,False,0.58,0.585,False,False
resize75,111,HL2,0.11,0.185,False,False,0.525,0.485,False,False
resize75,112,HL2,0.06,0.235,False,False,0.465,0.445,False,False
resize75,113,HL2,0.085,0.25,False,False,0.5,0.515,False,False
resize75,114,HL2,0.09,0.255,False,False,0.475,0.465,False,False
resize75,115,HL2,0.09,0.145,False,False,0.495,0.525,False,False
resize75,116,HL2,0.06,0.255,False,False,0.54,0.54,False,False
resize75,117,HL2,0.065,0.19,False,False,0.52,0.515,False,False
resize75,118,HL2,0.135,0.235,False,False,0.54,0.545,False,False
resize75,119,HL2,0.065,0.155,False,False,0.48,0.495,False,False
resize75,120,HL2,0.065,0.255,False,False,0.515,0.49,False,False
resize75,121,HL2,0.07,0.28,False,False,0.535,0.515,False,False
resize75,122,HL2,0.065,0.27,False,False,0.49,0.545,False,False
resize75,123,HL2,0.025,0.21,False,False,0.465,0.46,False,False
resize75,124,HL2,0.095,0.28,False,False,0.55,0.565,False,False
resize75,125,HL2,0.06,0.155,False,False,0.46,0.48,False,False
resize75,126,HL2,0.035,0.25,False,False,0.5,0.525,False,False
resize75,127,HL2,0.06,0.2,False,False,0.51,0.53,False,False
resize50,0,LH2,0.135,0.285,False,False,0.525,0.55,False,False
resize50,1,LH2,0.05,0.275,False,False,0.45,0.45,False,False
resize50,2,LH2,0.035,0.285,False,False,0.54,0.545,False,False
resize50,3,LH2,0.11,0.28,False,False,0.53,0.53,False,False
resize50,4,LH2,0.06,0.155,False,False,0.5,0.52,False,False
resize50,5,LH2,0.13,0.2,False,False,0.525,0.585,False,False
resize50,6,LH2,0.07,0.305,False,False,0.52,0.53,False,False
resize50,7,LH2,0.12,0.22,False,False,0.52,0.51,False,False
resize50,8,LH2,0.165,0.25,False,False,0.495,0.54,False,False
resize50,9,LH2,0.015,0.255,False,False,0.57,0.585,False,False
resize50,10,LH2,0.08,0.265,False,False,0.545,0.565,False,False
resize50,11,LH2,0.075,0.195,False,False,0.51,0.495,False,False
resize50,12,LH2,0.11,0.2,False,False,0.54,0.55,False,False
resize50,13,LH2,0.19,0.235,False,True,0.475,0.535,False,False
resize50,14,LH2,0.115,0.185,False,False,0.52,0.575,False,False
resize50,15,LH2,0.045,0.245,False,False,0.5,0.515,False,False
resize50,16,LH2,0.09,0.235,False,False,0.5,0.5,False,False
resize50,17,LH2,0.055,0.235,False,False,0.455,0.48,False,False
resize50,18,LH2,0.155,0.21,False,False,0.54,0.575,False,False
resize50,19,LH2,0.16,0.255,False,False,0.52,0.53,False,False
resize50,20,LH2,0.225,0.28,False,True,0.5,0.495,False,False
resize50,21,LH2,0.1,0.155,False,False,0.55,0.52,False,False
resize50,22,LH2,0.125,0.245,False,False,0.485,0.48,False,False
resize50,23,LH2,0.13,0.145,False,False,0.56,0.58,False,False
resize50,24,LH2,0.06,0.25,False,False,0.525,0.525,False,False
resize50,25,LH2,0.08,0.27,False,False,0.475,0.485,False,False
resize50,26,LH2,0.08,0.2,False,False,0.535,0.535,False,False
resize50,27,LH2,0.17,0.205,False,False,0.46,0.53,False,False
resize50,28,LH2,0.1,0.165,False,False,0.58,0.58,False,False
resize50,29,LH2,0.04,0.265,False,False,0.505,0.485,False,False
resize50,30,LH2,0.175,0.18,False,False,0.51,0.555,False,False
resize50,31,LH2,0.12,0.145,False,False,0.46,0.47,False,False
resize50,32,LH2,0.055,0.185,False,False,0.53,0.535,False,False
resize50,33,LH2,0.105,0.2,False,False,0.46,0.475,False,False
resize50,34,LH2,0.085,0.165,False,False,0.44,0.455,False,False
resize50,35,LH2,0.12,0.205,False,False,0.475,0.485,False,False
resize50,36,LH2,0.06,0.28,False,False,0.545,0.565,False,False
resize50,37,LH2,0.115,0.165,False,False,0.47,0.535,False,False
resize50,38,LH2,0.21,0.235,False,True,0.5,0.52,False,False
resize50,39,LH2,0.18,0.19,False,False,0.475,0.485,False,False
resize50,40,LH2,0.155,0.23,False,False,0.495,0.48,False,False
resize50,41,LH2,0.13,0.16,False,False,0.5,0.55,False,False
resize50,42,LH2,0.115,0.21,False,False,0.51,0.495,False,False
resize50,43,LH2,0.17,0.215,False,False,0.475,0.575,False,False
resize50,44,LH2,0.115,0.2,False,False,0.54,0.545,False,False
resize50,45,LH2,0.05,0.28,False,False,0.555,0.535,False,False
resize50,46,LH2,0.135,0.17,False,False,0.415,0.42,False,False
resize50,47,LH2,0.04,0.265,False,False,0.52,0.53,False,False
resize50,48,LH2,0.14,0.235,False,False,0.515,0.525,False,False
resize50,49,LH2,0.135,0.16,False,False,0.56,0.625,False,False
resize50,50,LH2,0.13,0.195,False,False,0.485,0.545,False,False
resize50,51,LH2,0.12,0.2,False,False,0.55,0.63,False,False
resize50,52,LH2,0.135,0.2,False,False,0.525,0.53,False,False
resize50,53,LH2,0.115,0.175,False,False,0.44,0.445,False,False
resize50,54,LH2,0.1,0.215,False,False,0.5,0.51,False,False
resize50,55,LH2,0.125,0.21,False,False,0.475,0.51,False,False
resize50,56,LH2,0.1,0.19,False,False,0.51,0.49,False,False
resize50,57,LH2,0.075,0.305,False,False,0.505,0.51,False,False
resize50,58,LH2,0.09,0.2,False,False,0.51,0.51,False,False
resize50,59,LH2,0.14,0.24,False,False,0.535,0.555,False,False
resize50,60,LH2,0.145,0.265,False,False,0.475,0.53,False,False
resize50,61,LH2,0.105,0.26,False,False,0.515,0.54,False,False
resize50,62,LH2,0.035,0.245,False,False,0.52,0.525,False,False
resize50,63,LH2,0.07,0.265,False,False,0.54,0.55,False,False
resize50,64,HL2,0.015,0.25,False,False,0.525,0.52,False,False
resize50,65,HL2,0.095,0.29,False,False,0.54,0.555,False,False
resize50,66,HL2,0.175,0.32,False,False,0.5,0.515,False,False
resize50,67,HL2,0.045,0.305,False,False,0.495,0.51,False,False
resize50,68,HL2,0.115,0.25,False,False,0.49,0.515,False,False
resize50,69,HL2,0.18,0.29,False,False,0.555,0.525,False,False
resize50,70,HL2,0.13,0.26,False,False,0.58,0.6,False,False
resize50,71,HL2,0.165,0.26,False,False,0.505,0.53,False,False
resize50,72,HL2,0.095,0.265,False,False,0.455,0.5,False,False
resize50,73,HL2,0.155,0.235,False,False,0.485,0.52,False,False
resize50,74,HL2,0.23,0.325,False,True,0.49,0.56,False,False
resize50,75,HL2,0.075,0.3,False,False,0.52,0.515,False,False
resize50,76,HL2,0.065,0.31,False,False,0.57,0.565,False,False
resize50,77,HL2,0.075,0.29,False,False,0.525,0.53,False,False
resize50,78,HL2,0.22,0.25,False,True,0.44,0.49,False,False
resize50,79,HL2,0.075,0.29,False,False,0.53,0.555,False,False
resize50,80,HL2,0.23,0.3,False,True,0.51,0.56,False,False
resize50,81,HL2,0.205,0.31,False,True,0.485,0.48,False,False
resize50,82,HL2,0.155,0.18,False,False,0.525,0.56,False,False
resize50,83,HL2,0.2,0.295,False,True,0.435,0.505,False,False
resize50,84,HL2,0.175,0.2,False,False,0.475,0.55,False,False
resize50,85,HL2,0.025,0.24,False,False,0.495,0.5,False,False
resize50,86,HL2,0.16,0.24,False,False,0.535,0.525,False,False
resize50,87,HL2,0.185,0.155,False,True,0.5,0.565,False,False
resize50,88,HL2,0.09,0.21,False,False,0.51,0.5,False,False
resize50,89,HL2,0.085,0.215,False,False,0.51,0.555,False,False
resize50,90,HL2,0.18,0.21,False,False,0.46,0.49,False,False
resize50,91,HL2,0.115,0.225,False,False,0.46,0.465,False,False
resize50,92,HL2,0.18,0.205,False,False,0.495,0.495,False,False
resize50,93,HL2,0.07,0.24,False,False,0.42,0.43,False,False
resize50,94,HL2,0.085,0.24,False,False,0.535,0.56,False,False
resize50,95,HL2,0.055,0.285,False,False,0.5,0.505,False,False
resize50,96,HL2,0.12,0.285,False,False,0.52,0.53,False,False
resize50,97,HL2,0.185,0.215,False,False,0.52,0.535,False,False
resize50,98,HL2,0.135,0.295,False,False,0.505,0.56,False,False
resize50,99,HL2,0.195,0.215,False,True,0.475,0.51,False,False
resize50,100,HL2,0.115,0.26,False,False,0.59,0.585,False,False
resize50,101,HL2,0.1,0.285,False,False,0.5,0.5,False,False
resize50,102,HL2,0.175,0.275,False,False,0.51,0.505,False,False
resize50,103,HL2,0.115,0.16,False,False,0.45,0.475,False,False
resize50,104,HL2,0.14,0.27,False,False,0.48,0.48,False,False
resize50,105,HL2,0.1,0.19,False,False,0.485,0.495,False,False
resize50,106,HL2,0.155,0.22,False,False,0.48,0.515,False,False
resize50,107,HL2,0.065,0.275,False,False,0.535,0.53,False,False
resize50,108,HL2,0.145,0.25,False,False,0.5,0.525,False,False
resize50,109,HL2,0.07,0.21,False,False,0.555,0.535,False,False
resize50,110,HL2,0.11,0.32,False,False,0.58,0.56,False,False
resize50,111,HL2,0.14,0.18,False,False,0.525,0.515,False,False
resize50,112,HL2,0.07,0.24,False,False,0.465,0.455,False,False
resize50,113,HL2,0.15,0.255,False,False,0.5,0.54,False,False
resize50,114,HL2,0.115,0.28,False,False,0.475,0.47,False,False
resize50,115,HL2,0.14,0.175,False,False,0.495,0.515,False,False
resize50,116,HL2,0.045,0.24,False,False,0.54,0.525,False,False
resize50,117,HL2,0.11,0.23,False,False,0.52,0.52,False,False
resize50,118,HL2,0.15,0.285,False,False,0.54,0.54,False,False
resize50,119,HL2,0.085,0.205,False,False,0.48,0.505,False,False
resize50,120,HL2,0.07,0.255,False,False,0.515,0.505,False,False
resize50,121,HL2,0.04,0.235,False,False,0.535,0.535,False,False
resize50,122,HL2,0.08,0.25,False,False,0.49,0.51,False,False
resize50,123,HL2,0.06,0.215,False,False,0.465,0.475,False,False
resize50,124,HL2,0.07,0.265,False,False,0.55,0.54,False,False
resize50,125,HL2,0.1,0.2,False,False,0.46,0.47,False,False
resize50,126,HL2,0.035,0.275,False,False,0.5,0.525,False,False
resize50,127,HL2,0.055,0.205,False,False,0.51,0.515,False,False
resize25,0,LH2,0.525,0.53,False,False,0.525,0.2,False,False
resize25,1,LH2,0.47,0.47,False,False,0.45,0.14,False,False
resize25,2,LH2,0.5,0.51,False,False,0.54,0.15,False,False
resize25,3,LH2,0.545,0.54,False,False,0.53,0.215,False,False
resize25,4,LH2,0.5,0.52,False,False,0.5,0.35,False,False
resize25,5,LH2,0.45,0.445,False,False,0.525,0.365,False,False
resize25,6,LH2,0.555,0.57,False,True,0.52,0.175,False,False
resize25,7,LH2,0.5,0.48,False,False,0.52,0.42,False,False
resize25,8,LH2,0.465,0.46,False,False,0.495,0.36,False,False
resize25,9,LH2,0.55,0.555,False,False,0.57,0.13,False,False
resize25,10,LH2,0.545,0.53,False,False,0.545,0.25,False,False
resize25,11,LH2,0.5,0.53,False,False,0.51,0.39,False,False
resize25,12,LH2,0.505,0.53,False,False,0.54,0.395,False,False
resize25,13,LH2,0.555,0.54,False,True,0.475,0.4,False,False
resize25,14,LH2,0.55,0.53,False,False,0.52,0.28,False,False
resize25,15,LH2,0.49,0.495,False,False,0.5,0.21,False,False
resize25,16,LH2,0.52,0.52,False,False,0.5,0.19,False,False
resize25,17,LH2,0.475,0.465,False,False,0.455,0.15,False,False
resize25,18,LH2,0.48,0.53,False,False,0.54,0.33,False,False
resize25,19,LH2,0.52,0.51,False,False,0.52,0.35,False,False
resize25,20,LH2,0.51,0.5,False,False,0.5,0.36,False,False
resize25,21,LH2,0.52,0.56,False,False,0.55,0.39,False,False
resize25,22,LH2,0.465,0.465,False,False,0.485,0.27,False,False
resize25,23,LH2,0.51,0.495,False,False,0.56,0.37,False,False
resize25,24,LH2,0.525,0.515,False,False,0.525,0.25,False,False
resize25,25,LH2,0.475,0.465,False,False,0.475,0.23,False,False
resize25,26,LH2,0.565,0.555,False,True,0.535,0.36,False,False
resize25,27,LH2,0.51,0.46,False,False,0.46,0.37,False,False
resize25,28,LH2,0.5,0.52,False,False,0.58,0.35,False,False
resize25,29,LH2,0.515,0.505,False,False,0.505,0.16,False,False
resize25,30,LH2,0.48,0.5,False,False,0.51,0.53,False,False
resize25,31,LH2,0.5,0.52,False,False,0.46,0.44,False,False
resize25,32,LH2,0.475,0.49,False,False,0.53,0.275,False,False
resize25,33,LH2,0.445,0.445,False,False,0.46,0.335,False,False
resize25,34,LH2,0.505,0.49,False,False,0.44,0.275,False,False
resize25,35,LH2,0.475,0.495,False,False,0.475,0.34,False,False
resize25,36,LH2,0.545,0.55,False,False,0.545,0.17,False,False
resize25,37,LH2,0.49,0.47,False,False,0.47,0.45,False,False
resize25,38,LH2,0.49,0.5,False,False,0.5,0.42,False,False
resize25,39,LH2,0.495,0.48,False,False,0.475,0.48,False,False
resize25,40,LH2,0.515,0.495,False,False,0.495,0.32,False,False
resize25,41,LH2,0.485,0.49,False,False,0.5,0.405,False,False
resize25,42,LH2,0.54,0.51,False,False,0.51,0.33,False,False
resize25,43,LH2,0.465,0.475,False,False,0.475,0.42,False,False
resize25,44,LH2,0.54,0.57,False,False,0.54,0.4,False,False
resize25,45,LH2,0.485,0.515,False,False,0.555,0.25,False,False
resize25,46,LH2,0.435,0.445,False,False,0.415,0.42,False,False
resize25,47,LH2,0.5,0.53,False,False,0.52,0.18,False,False
resize25,48,LH2,0.505,0.495,False,False,0.515,0.26,False,False
resize25,49,LH2,0.53,0.6,False,False,0.56,0.25,False,False
resize25,50,LH2,0.49,0.48,False,False,0.485,0.385,False,False
resize25,51,LH2,0.51,0.51,False,False,0.55,0.33,False,False
resize25,52,LH2,0.535,0.545,False,False,0.525,0.39,False,False
resize25,53,LH2,0.44,0.435,False,False,0.44,0.35,False,False
resize25,54,LH2,0.49,0.49,False,False,0.5,0.32,False,False
resize25,55,LH2,0.505,0.515,False,False,0.475,0.33,False,False
resize25,56,LH2,0.51,0.49,False,False,0.51,0.28,False,False
resize25,57,LH2,0.565,0.56,False,True,0.505,0.17,False,False
resize25,58,LH2,0.49,0.49,False,False,0.51,0.34,False,False
resize25,59,LH2,0.49,0.495,False,False,0.535,0.365,False,False
resize25,60,LH2,0.505,0.53,False,False,0.475,0.28,False,False
resize25,61,LH2,0.545,0.555,False,False,0.515,0.21,False,False
resize25,62,LH2,0.51,0.49,False,False,0.52,0.13,False,False
resize25,63,LH2,0.52,0.52,False,False,0.54,0.29,False,False
resize25,64,HL2,0.485,0.485,False,False,0.525,0.13,False,False
resize25,65,HL2,0.575,0.57,False,True,0.54,0.155,False,False
resize25,66,HL2,0.535,0.53,False,False,0.5,0.285,False,False
resize25,67,HL2,0.505,0.485,False,False,0.495,0.11,False,False
resize25,68,HL2,0.51,0.485,False,False,0.49,0.31,False,False
resize25,69,HL2,0.445,0.485,False,False,0.555,0.38,False,False
resize25,70,HL2,0.58,0.56,False,True,0.58,0.27,False,False
resize25,71,HL2,0.55,0.545,False,False,0.505,0.375,False,False
resize25,72,HL2,0.505,0.475,False,False,0.455,0.3,False,False
resize25,73,HL2,0.495,0.475,False,False,0.485,0.43,False,False
resize25,74,HL2,0.5,0.5,False,False,0.49,0.33,False,False
resize25,75,HL2,0.51,0.51,False,False,0.52,0.13,False,False
resize25,76,HL2,0.52,0.51,False,False,0.57,0.25,False,False
resize25,77,HL2,0.555,0.555,False,True,0.525,0.12,False,False
resize25,78,HL2,0.56,0.55,False,True,0.44,0.41,False,False
resize25,79,HL2,0.5,0.5,False,False,0.53,0.28,False,False
resize25,80,HL2,0.45,0.485,False,False,0.51,0.43,False,False
resize25,81,HL2,0.52,0.525,False,False,0.485,0.455,False,False
resize25,82,HL2,0.555,0.53,False,True,0.525,0.47,False,False
resize25,83,HL2,0.505,0.51,False,False,0.435,0.46,False,False
resize25,84,HL2,0.46,0.495,False,False,0.475,0.415,False,False
resize25,85,HL2,0.465,0.465,False,False,0.495,0.2,False,False
resize25,86,HL2,0.55,0.535,False,False,0.535,0.375,False,False
resize25,87,HL2,0.54,0.53,False,False,0.5,0.45,False,False
resize25,88,HL2,0.55,0.54,False,False,0.51,0.32,False,False
resize25,89,HL2,0.485,0.465,False,False,0.51,0.285,False,False
resize25,90,HL2,0.53,0.515,False,False,0.46,0.43,False,False
resize25,91,HL2,0.45,0.455,False,False,0.46,0.34,False,False
resize25,92,HL2,0.435,0.47,False,False,0.495,0.47,False,False
resize25,93,HL2,0.46,0.46,False,False,0.42,0.2,False,False
resize25,94,HL2,0.565,0.545,False,True,0.535,0.33,False,False
resize25,95,HL2,0.52,0.515,False,False,0.5,0.13,False,False
resize25,96,HL2,0.495,0.51,False,False,0.52,0.335,False,False
resize25,97,HL2,0.49,0.49,False,False,0.52,0.39,False,False
resize25,98,HL2,0.495,0.485,False,False,0.505,0.23,False,False
resize25,99,HL2,0.49,0.5,False,False,0.475,0.435,False,False
resize25,100,HL2,0.53,0.535,False,False,0.59,0.29,False,False
resize25,101,HL2,0.485,0.49,False,False,0.5,0.205,False,False
resize25,102,HL2,0.515,0.535,False,False,0.51,0.345,False,False
resize25,103,HL2,0.495,0.47,False,False,0.45,0.405,False,False
resize25,104,HL2,0.46,0.44,False,False,0.48,0.27,False,False
resize25,105,HL2,0.48,0.505,False,False,0.485,0.265,False,False
resize25,106,HL2,0.505,0.5,False,False,0.48,0.345,False,False
resize25,107,HL2,0.47,0.485,False,False,0.535,0.205,False,False
resize25,108,HL2,0.52,0.515,False,False,0.5,0.26,False,False
resize25,109,HL2,0.55,0.55,False,False,0.555,0.255,False,False
resize25,110,HL2,0.555,0.56,False,False,0.58,0.275,False,False
resize25,111,HL2,0.415,0.46,False,False,0.525,0.36,False,False
resize25,112,HL2,0.465,0.465,False,False,0.465,0.24,False,False
resize25,113,HL2,0.51,0.495,False,False,0.5,0.33,False,False
resize25,114,HL2,0.485,0.485,False,False,0.475,0.19,False,False
resize25,115,HL2,0.505,0.505,False,False,0.495,0.36,False,False
resize25,116,HL2,0.54,0.53,False,False,0.54,0.22,False,False
resize25,117,HL2,0.5,0.52,False,False,0.52,0.32,False,False
resize25,118,HL2,0.5,0.51,False,False,0.54,0.35,False,False
resize25,119,HL2,0.49,0.5,False,False,0.48,0.32,False,False
resize25,120,HL2,0.505,0.525,False,False,0.515,0.17,False,False
resize25,121,HL2,0.535,0.51,False,False,0.535,0.28,False,False
resize25,122,HL2,0.5,0.52,False,False,0.49,0.24,False,False
resize25,123,HL2,0.445,0.445,False,False,0.465,0.18,False,False
resize25,124,HL2,0.53,0.535,False,False,0.55,0.23,False,False
resize25,125,HL2,0.49,0.5,False,False,0.46,0.3,False,False
resize25,126,HL2,0.55,0.54,False,False,0.5,0.17,False,False
resize25,127,HL2,0.49,0.5,False,False,0.51,0.3,False,False
