condition,subband,target_bit,variable,count,mean,std,minimum,q1,median,q3,maximum
clean,LH2,0,coefficient_over_delta,32084,-0.008009249344468117,2.6557183265686035,-31.875,-0.0625,0.0,0.0625,26.984375
clean,LH2,0,sin_pi_c_over_delta,32084,0.001977371284738183,0.1722382754087448,-0.7409511208534241,-0.0980171412229538,0.0,0.0980171412229538,0.7071067690849304
clean,LH2,0,cos_pi_c_over_delta,32084,0.5719581246376038,0.801993727684021,-1.0,0.9415440559387207,0.9891765117645264,1.0,1.0
clean,LH2,0,qim_phase_mod_1,32084,0.3402017056941986,0.4336593449115753,0.0,0.0,0.0625,0.921875,1.0
clean,LH2,0,classical_decision_margin_over_delta,32084,0.42099255080413894,0.07847532724382524,1.7763568394002505e-15,0.3437500000000071,0.4375,0.5,0.5
clean,LH2,1,coefficient_over_delta,31916,0.08272251486778259,2.711601734161377,-26.53125,-0.5,0.25,0.515625,27.484375
clean,LH2,1,sin_pi_c_over_delta,31916,0.23486323654651642,0.9154946804046631,-1.0,-0.9700312614440918,0.7409511208534241,0.9951847195625305,1.0
clean,LH2,1,cos_pi_c_over_delta,31916,0.10186170041561127,0.310375452041626,-0.6715589761734009,-0.0980171412229538,2.947812299298894e-15,0.290284663438797,0.803207516670227
clean,LH2,1,qim_phase_mod_1,31916,0.463785320520401,0.106452576816082,0.21875,0.421875,0.5,0.53125,0.796875
clean,LH2,1,classical_decision_margin_over_delta,31916,0.3423253618874545,0.16031101969426412,1.1102230246251565e-16,0.2812500000000051,0.37500000000000344,0.4687499999999991,0.5
clean,HL2,0,coefficient_over_delta,31770,0.005271777510643005,2.9337990283966064,-28.015625,-0.046875,0.0,0.046875,29.921875
clean,HL2,0,sin_pi_c_over_delta,31770,-0.0001866258680820465,0.16881588101387024,-0.8819212913513184,-0.0980171412229538,0.0,0.0980171412229538,0.7071067690849304
clean,HL2,0,cos_pi_c_over_delta,31770,0.5794916152954102,0.7973020672798157,-1.0,0.9415440559387207,0.9951847195625305,1.0,1.0
clean,HL2,0,qim_phase_mod_1,31770,0.323527991771698,0.42887967824935913,0.0,0.0,0.046875,0.90625,1.0
clean,HL2,0,classical_decision_margin_over_delta,31770,0.42421604501101645,0.07851701811436247,0.0,0.3749999999999929,0.43750000000000355,0.5,0.5
clean,HL2,1,coefficient_over_delta,32230,0.1303681582212448,3.000258684158325,-26.453125,-0.5,0.25,0.5,31.40625
clean,HL2,1,sin_pi_c_over_delta,32230,0.25634241104125977,0.9042035937309265,-1.0,-0.9700312614440918,0.7071067690849304,0.9951847195625305,1.0
clean,HL2,1,cos_pi_c_over_delta,32230,0.12158557772636414,0.31925129890441895,-0.8314695954322815,-0.0980171412229538,1.1163462258008579e-14,0.290284663438797,0.8314695954322815
clean,HL2,1,qim_phase_mod_1,32230,0.4581993818283081,0.1103677824139595,0.1875,0.40625,0.5,0.53125,0.8125
clean,HL2,1,classical_decision_margin_over_delta,32230,0.3347492631089047,0.16843588946882185,0.0,0.28125,0.3750000000000071,0.46875,0.5
jpeg90,LH2,0,coefficient_over_delta,32084,-0.0073332893662154675,2.64156174659729,-31.484375,-0.078125,0.0,0.078125,26.890625
jpeg90,LH2,0,sin_pi_c_over_delta,32084,0.0038986338768154383,0.3010238707065582,-1.0,-0.1467304676771164,0.0,0.1467304676771164,1.0
jpeg90,LH2,0,cos_pi_c_over_delta,32084,0.5632656216621399,0.7694812417030334,-1.0,0.803207516670227,0.9807852506637573,1.0,1.0
jpeg90,LH2,0,qim_phase_mod_1,32084,0.36671608686447144,0.4160100817680359,0.0,0.0,0.109375,0.890625,1.0
jpeg90,LH2,0,classical_decision_margin_over_delta,32084,0.36827351639446443,0.13400395112038033,0.0,0.28125000000000067,0.4062499999999992,0.49999999999999933,0.5
jpeg90,LH2,1,coefficient_over_delta,31916,0.05864221602678299,2.690788745880127,-26.5,-0.453125,0.203125,0.46875,27.359375
jpeg90,LH2,1,sin_pi_c_over_delta,31916,0.20131607353687286,0.8565790057182312,-1.0,-0.9238795042037964,0.5956993103027344,0.9415440559387207,1.0
jpeg90,LH2,1,cos_pi_c_over_delta,31916,0.21627847850322723,0.42304596304893494,-1.0,-0.0980171412229538,0.24298018217086792,0.5141027569770813,1.0
jpeg90,LH2,1,qim_phase_mod_1,31916,0.4403316378593445,0.1610138863325119,0.0,0.34375,0.4375,0.546875,1.0
jpeg90,LH2,1,classical_decision_margin_over_delta,31916,0.27180920228098837,0.13630845526039678,0.0,0.15624999999999722,0.28124999999999,0.4062499999999911,0.5
jpeg90,HL2,0,coefficient_over_delta,31770,0.005961795803159475,2.915602922439575,-27.734375,-0.078125,0.0,0.078125,29.796875
jpeg90,HL2,0,sin_pi_c_over_delta,31770,0.003416484221816063,0.31373992562294006,-1.0,-0.1467304676771164,0.0,0.1467304676771164,1.0
jpeg90,HL2,0,cos_pi_c_over_delta,31770,0.5695781707763672,0.7596948742866516,-1.0,0.803207516670227,0.9807852506637573,1.0,1.0
jpeg90,HL2,0,qim_phase_mod_1,31770,0.3512561023235321,0.40892910957336426,0.0,0.0,0.09375,0.875,1.0
jpeg90,HL2,0,classical_decision_margin_over_delta,31770,0.36563385269121806,0.1385423763722822,0.0,0.28125,0.40625,0.5,0.5
jpeg90,HL2,1,coefficient_over_delta,32230,0.10161825269460678,2.9782068729400635,-26.328125,-0.421875,0.171875,0.453125,31.265625
jpeg90,HL2,1,sin_pi_c_over_delta,32230,0.2045460045337677,0.8343344926834106,-1.0,-0.903989315032959,0.5141027569770813,0.9569403529167175,1.0
jpeg90,HL2,1,cos_pi_c_over_delta,32230,0.24709713459014893,0.4483189582824707,-1.0,-0.049067676067352295,0.24298018217086792,0.5956993103027344,1.0
jpeg90,HL2,1,qim_phase_mod_1,32230,0.4299769103527069,0.1791125237941742,0.0,0.328125,0.4375,0.5625,1.0
jpeg90,HL2,1,classical_decision_margin_over_delta,32230,0.280802047781571,0.1266640633725344,0.0,0.1874999999999929,0.2812500000000071,0.375,0.5
jpeg70,LH2,0,coefficient_over_delta,32084,-0.008665242232382298,2.618053436279297,-30.765625,-0.125,0.0,0.125,26.796875
jpeg70,LH2,0,sin_pi_c_over_delta,32084,0.003503331681713462,0.46913355588912964,-1.0,-0.24298018217086792,0.0,0.24298018217086792,1.0
jpeg70,LH2,0,cos_pi_c_over_delta,32084,0.5374375581741333,0.7007583379745483,-1.0,0.3368898630142212,0.9415440559387207,1.0,1.0
jpeg70,LH2,0,qim_phase_mod_1,32084,0.3431612253189087,0.3691905736923218,0.0,0.0,0.171875,0.75,1.0
jpeg70,LH2,0,classical_decision_margin_over_delta,32084,0.3343693507667373,0.16241031043010684,0.0,0.18750000000000444,0.374999999999999,0.5,0.5
jpeg70,LH2,1,coefficient_over_delta,31916,-0.0018417485989630222,2.6623828411102295,-26.203125,-0.375,0.0,0.40625,26.921875
jpeg70,LH2,1,sin_pi_c_over_delta,31916,0.03709518536925316,0.690260648727417,-1.0,-0.6715589761734009,0.0,0.7071067690849304,1.0
jpeg70,LH2,1,cos_pi_c_over_delta,31916,0.3691459000110626,0.6212047934532166,-1.0,-0.0980171412229538,0.5555702447891235,0.9891765117645264,1.0
jpeg70,LH2,1,qim_phase_mod_1,31916,0.3739258944988251,0.2943626046180725,0.0,0.046875,0.375,0.609375,1.0
jpeg70,LH2,1,classical_decision_margin_over_delta,31916,0.30476876801604225,0.16825844612223753,0.0,0.15624999999999978,0.31250000000000666,0.4999999999999931,0.5
jpeg70,HL2,0,coefficient_over_delta,31770,0.0060685197822749615,2.8969781398773193,-27.15625,-0.125,0.0,0.125,29.40625
jpeg70,HL2,0,sin_pi_c_over_delta,31770,0.005507808178663254,0.4776786267757416,-1.0,-0.19509032368659973,0.0,0.24298018217086792,1.0
jpeg70,HL2,0,cos_pi_c_over_delta,31770,0.5430840849876404,0.6905450820922852,-1.0,0.3368898630142212,0.9569403529167175,1.0,1.0
jpeg70,HL2,0,qim_phase_mod_1,31770,0.3261188864707947,0.3612130284309387,0.0,0.0,0.140625,0.703125,1.0
jpeg70,HL2,0,classical_decision_margin_over_delta,31770,0.34029843405728677,0.16137672807540934,0.0,0.2187499999999929,0.375,0.5,0.5
jpeg70,HL2,1,coefficient_over_delta,32230,0.0501764677464962,2.955484390258789,-25.90625,-0.328125,0.0,0.375,30.859375
jpeg70,HL2,1,sin_pi_c_over_delta,32230,0.07150605320930481,0.6706814765930176,-1.0,-0.5555702447891235,0.0,0.6715589761734009,1.0
jpeg70,HL2,1,cos_pi_c_over_delta,32230,0.3944048285484314,0.6241137981414795,-1.0,-0.049067676067352295,0.6343932747840881,0.9238795042037964,1.0
jpeg70,HL2,1,qim_phase_mod_1,32230,0.37453266978263855,0.2913023829460144,0.0,0.125,0.34375,0.609375,1.0
jpeg70,HL2,1,classical_decision_margin_over_delta,32230,0.28051310890474723,0.15981107970490308,0.0,0.1250000000000071,0.2500000000000071,0.4375,0.5
jpeg50,LH2,0,coefficient_over_delta,32084,-0.007884089834988117,2.610649824142456,-30.78125,-0.15625,0.0,0.15625,27.09375
jpeg50,LH2,0,sin_pi_c_over_delta,32084,0.000662896316498518,0.519758403301239,-1.0,-0.290284663438797,0.0,0.290284663438797,1.0
jpeg50,LH2,0,cos_pi_c_over_delta,32084,0.5194817185401917,0.6782252788543701,-1.0,0.19509032368659973,0.9238795042037964,1.0,1.0
jpeg50,LH2,0,qim_phase_mod_1,32084,0.3224986493587494,0.34815096855163574,0.0,0.0,0.171875,0.65625,1.0
jpeg50,LH2,0,classical_decision_margin_over_delta,32084,0.33796732795162704,0.1658926192699898,0.0,0.18750000000000178,0.375000000000004,0.5,0.5
jpeg50,LH2,1,coefficient_over_delta,31916,-0.010890893638134003,2.6507177352905273,-26.546875,-0.25,0.0,0.296875,27.328125
jpeg50,LH2,1,sin_pi_c_over_delta,31916,0.014870507642626762,0.5911652445793152,-1.0,-0.4275550842285156,0.0,0.4713967442512512,1.0
jpeg50,LH2,1,cos_pi_c_over_delta,31916,0.44263750314712524,0.6740731000900269,-1.0,-0.049067676067352295,0.8314695954322815,1.0,1.0
jpeg50,LH2,1,qim_phase_mod_1,31916,0.3293459713459015,0.32494887709617615,0.0,0.0,0.25,0.609375,1.0
jpeg50,LH2,1,classical_decision_margin_over_delta,31916,0.3291335067051009,0.1669866158922294,0.0,0.18749999999999867,0.37499999999999645,0.5,0.5
jpeg50,HL2,0,coefficient_over_delta,31770,0.006004091817885637,2.882246732711792,-27.4375,-0.140625,0.0,0.15234375,29.15625
jpeg50,HL2,0,sin_pi_c_over_delta,31770,-0.00041788670932874084,0.512809693813324,-1.0,-0.24298018217086792,0.0,0.24298018217086792,1.0
jpeg50,HL2,0,cos_pi_c_over_delta,31770,0.5222234129905701,0.6814020872116089,-1.0,0.19509032368659973,0.9238795042037964,1.0,1.0
jpeg50,HL2,0,qim_phase_mod_1,31770,0.31239375472068787,0.34627804160118103,0.0,0.0,0.15625,0.640625,1.0
jpeg50,HL2,0,classical_decision_margin_over_delta,31770,0.3405512275731823,0.16757061312560131,0.0,0.1875000000000071,0.4062499999999929,0.5,0.5
jpeg50,HL2,1,coefficient_over_delta,32230,0.034385181963443756,2.9422388076782227,-25.25,-0.25,0.0,0.3125,31.1875
jpeg50,HL2,1,sin_pi_c_over_delta,32230,0.01633736677467823,0.5916673541069031,-1.0,-0.3826834261417389,0.0,0.4713967442512512,1.0
jpeg50,HL2,1,cos_pi_c_over_delta,32230,0.44855907559394836,0.6696697473526001,-1.0,6.123234262925839e-17,0.803207516670227,1.0,1.0
jpeg50,HL2,1,qim_phase_mod_1,32230,0.3290795683860779,0.3251875340938568,0.0,0.0,0.25,0.609375,1.0
jpeg50,HL2,1,classical_decision_margin_over_delta,32230,0.32973452528699976,0.16733430875937105,0.0,0.1875,0.3749999999999929,0.5,0.5
reencode1,LH2,0,coefficient_over_delta,32084,-0.007450656965374947,2.635953426361084,-31.3125,-0.09375,0.0,0.09375,26.828125
reencode1,LH2,0,sin_pi_c_over_delta,32084,0.005059793125838041,0.3582567870616913,-1.0,-0.19509032368659973,0.0,0.19509032368659973,1.0
reencode1,LH2,0,cos_pi_c_over_delta,32084,0.5559192895889282,0.7500534057617188,-1.0,0.7071067690849304,0.9700312614440918,1.0,1.0
reencode1,LH2,0,qim_phase_mod_1,32084,0.35930535197257996,0.40057358145713806,0.0,0.0,0.125,0.84375,1.0
reencode1,LH2,0,classical_decision_margin_over_delta,32084,0.34868918308191,0.14829166162060134,0.0,0.24999999999999797,0.375000000000004,0.5,0.5
reencode1,LH2,1,coefficient_over_delta,31916,0.04718538373708725,2.685011625289917,-26.59375,-0.4375,0.15625,0.46875,27.125
reencode1,LH2,1,sin_pi_c_over_delta,31916,0.16179557144641876,0.8273377418518066,-1.0,-0.8819212913513184,0.3826834261417389,0.9569403529167175,1.0
reencode1,LH2,1,cos_pi_c_over_delta,31916,0.23236066102981567,0.48512163758277893,-1.0,-0.0980171412229538,0.24298018217086792,0.5956993103027344,1.0
reencode1,LH2,1,qim_phase_mod_1,31916,0.4300967752933502,0.20055919885635376,0.0,0.328125,0.453125,0.5625,1.0
reencode1,LH2,1,classical_decision_margin_over_delta,31916,0.2931797531018926,0.13097164190544483,0.0,0.18750000000001066,0.3125000000000089,0.37500000000001066,0.5
reencode1,HL2,0,coefficient_over_delta,31770,0.00509423203766346,2.910767078399658,-27.5625,-0.09375,0.0,0.09375,29.203125
reencode1,HL2,0,sin_pi_c_over_delta,31770,-0.002843904308974743,0.37662509083747864,-1.0,-0.19509032368659973,0.0,0.19509032368659973,1.0
reencode1,HL2,0,cos_pi_c_over_delta,31770,0.5613076090812683,0.7369391322135925,-1.0,0.6715589761734009,0.9700312614440918,1.0,1.0
reencode1,HL2,0,qim_phase_mod_1,31770,0.35444897413253784,0.39624571800231934,0.0,0.0,0.125,0.84375,1.0
reencode1,HL2,0,classical_decision_margin_over_delta,31770,0.34861701290525654,0.15152432129619334,0.0,0.2499999999999929,0.3750000000000071,0.5,0.5
reencode1,HL2,1,coefficient_over_delta,32230,0.08965977281332016,2.9713168144226074,-26.03125,-0.40625,0.140625,0.4375,31.296875
reencode1,HL2,1,sin_pi_c_over_delta,32230,0.17894503474235535,0.7971342206001282,-1.0,-0.8314695954322815,0.4275550842285156,0.9238795042037964,1.0
reencode1,HL2,1,cos_pi_c_over_delta,32230,0.2743784785270691,0.5072199702262878,-1.0,-0.049067676067352295,0.3368898630142212,0.6715589761734009,1.0
reencode1,HL2,1,qim_phase_mod_1,32230,0.4197249114513397,0.21091315150260925,0.0,0.28125,0.421875,0.5625,1.0
reencode1,HL2,1,classical_decision_margin_over_delta,32230,0.26861910487123797,0.13241714548368544,0.0,0.1874999999999858,0.2500000000000071,0.375,0.5
reencode3,LH2,0,coefficient_over_delta,32084,-0.007620621006935835,2.6204726696014404,-30.796875,-0.109375,0.0,0.09375,26.625
reencode3,LH2,0,sin_pi_c_over_delta,32084,0.0053777508437633514,0.3782497048377991,-1.0,-0.19509032368659973,0.0,0.19509032368659973,1.0
reencode3,LH2,0,cos_pi_c_over_delta,32084,0.5518501996994019,0.7432090044021606,-1.0,0.6343932747840881,0.9700312614440918,1.0,1.0
reencode3,LH2,0,qim_phase_mod_1,32084,0.35629910230636597,0.3954232633113861,0.0,0.0,0.125,0.84375,1.0
reencode3,LH2,0,classical_decision_margin_over_delta,32084,0.3465317603790051,0.14980734876726037,0.0,0.24999999999999292,0.37500000000000266,0.5,0.5
reencode3,LH2,1,coefficient_over_delta,31916,0.04628017544746399,2.669097423553467,-26.484375,-0.4375,0.140625,0.46875,27.015625
reencode3,LH2,1,sin_pi_c_over_delta,31916,0.15855278074741364,0.8214622139930725,-1.0,-0.8577286005020142,0.290284663438797,0.9569403529167175,1.0
reencode3,LH2,1,cos_pi_c_over_delta,31916,0.23029088973999023,0.497018039226532,-1.0,-0.0980171412229538,0.24298018217086792,0.5956993103027344,1.0
reencode3,LH2,1,qim_phase_mod_1,31916,0.43288877606391907,0.20693424344062805,0.0,0.3125,0.453125,0.5625,1.0
reencode3,LH2,1,classical_decision_margin_over_delta,31916,0.2928869924175963,0.13100183254662506,0.0,0.18750000000000752,0.31250000000000666,0.3750000000000172,0.5
reencode3,HL2,0,coefficient_over_delta,31770,0.0053155492059886456,2.893766403198242,-27.140625,-0.09375,0.0,0.109375,28.953125
reencode3,HL2,0,sin_pi_c_over_delta,31770,-0.0007407148950733244,0.3954073190689087,-1.0,-0.19509032368659973,0.0,0.19509032368659973,1.0
reencode3,HL2,0,cos_pi_c_over_delta,31770,0.5593848824501038,0.7285197973251343,-1.0,0.5956993103027344,0.9700312614440918,1.0,1.0
reencode3,HL2,0,qim_phase_mod_1,31770,0.35467028617858887,0.39219439029693604,0.0,0.0,0.125,0.828125,1.0
reencode3,HL2,0,classical_decision_margin_over_delta,31770,0.3467107333962857,0.15230852845076942,0.0,0.2499999999999858,0.37500000000000355,0.5,0.5
reencode3,HL2,1,coefficient_over_delta,32230,0.08991089463233948,2.9555346965789795,-25.734375,-0.40625,0.140625,0.4375,31.3125
reencode3,HL2,1,sin_pi_c_over_delta,32230,0.17744648456573486,0.7911053895950317,-1.0,-0.803207516670227,0.4275550842285156,0.9238795042037964,1.0
reencode3,HL2,1,cos_pi_c_over_delta,32230,0.2736794948577881,0.5174596309661865,-1.0,-0.049067676067352295,0.3826834261417389,0.7071067690849304,1.0
reencode3,HL2,1,qim_phase_mod_1,32230,0.4218066334724426,0.21677549183368683,0.0,0.28125,0.421875,0.578125,1.0
reencode3,HL2,1,classical_decision_margin_over_delta,32230,0.2689623409866584,0.1328934121078203,0.0,0.1874999999999858,0.2500000000000071,0.375,0.5
