delta,base_pair_index,image_filename,payload_index,payload_fingerprint,psnr_rgb_db,ssim_rgb
8,0,5233540.png,0,bad6366e8f83df4d68b7418183787a2527d66929e81f8a968f5357607d8890cd,65.12648293801719,0.9999352431923113
8,1,5233540.png,1,d67d3e800bfbc2b70221bd798f679a95f90eee7295f55b6a24e47f21ded45f55,65.26412496922529,0.9999401728362738
8,2,5233654.png,0,b0d9826d06721939096f6dea3e61f2b55902fea04d3eb3a260495ceb8f127fc5,56.19239129584251,0.9993875755006107
8,3,5233654.png,1,57136fba8284d589b716664175e5165e5d38b77b6d73d40d0f85e327f1b455e6,56.1981557434762,0.9993887061248947
8,4,5233837.png,0,bb569bfd73c3e6ee2d84cc970f4ff5c882cf5612c49bc2a371224af1bb819ce9,55.63899675324042,0.9990340277832458
8,5,5233837.png,1,47e11f6d892502097da7c1f1b2501b0885a6556d80cfb8884c65e9ecebffbf22,55.65292659805821,0.9990405088563218
8,6,5233987.png,0,5de5e59c62e96c80f3ab33967f5e386a8844879a984061f2f9a3a9f6571c441c,52.05547568254201,0.9976905559086159
8,7,5233987.png,1,562ad2f2109cae3619543092025635e1e62165029cd1d988637f4f895bf445be,52.05877611400902,0.9976954402317212
8,8,5233992.png,0,eb9e572d2bbbfe7774b6733206b3a62fbee85473a19531b2c3065bfc327d639f,52.585940845055504,0.998303021289941
8,9,5233992.png,1,6334e0585d4527ba31e4cb2387bf040a7d95da486545bd4fb064b50c4da92f11,52.58198378980814,0.9983013470073961
8,10,5233997.png,0,3d21315e3a262473d99866ce2b403f5cb7cbd121aced9e0d45ab436e4eb44ae1,52.76559818613042,0.998226994213186
8,11,5233997.png,1,856c00c660e07dd3261494490bf5e0ea19fe0fd757b50c67cab357a3be12b162,52.772941395333994,0.9982364656988705
8,12,5234033.png,0,c47d135ea75bfce02c57f551080bada0deb20335f9f7f9acd88a66e2cb92fd6e,54.1649211359815,0.998963920515457
8,13,5234033.png,1,a9b4a7244b9eb4a3b7ff880e398b7899f9be3b42c51ef2efa7de8a6271a5ec75,54.15558041888473,0.9989559075723388
8,14,5234037.png,0,52dd3a51cd82923d422e7d9cf8228a2408d2f3081eb5b7907a4b96cbf4f1736a,55.29876773507403,0.9991261069871836
8,15,5234037.png,1,ec3b3a162cb55298a0748ce072d60af383b06f6caef79c2a85b8ef3850ab739e,55.280509305462154,0.9991194214517533
8,16,5234084.png,0,52eab2067cd8aac83f6f9190cd91e1e8e84c6c4941c380a8a7865d79d265d84f,58.24456075199559,0.9996287286257971
8,17,5234084.png,1,ef03b0755ff2406f5349ffdcb61648049d41ec04d1e18d52bc8970b377ce233f,58.2472826771273,0.9996292227638882
8,18,5234162.png,0,1031e9c762cce5b22d17a94a0b71154c085314df4140707eafb6fe33a0127ff1,54.5586909718382,0.9986829284711969
8,19,5234162.png,1,631a7ba0a6bc92cc280a958afb02376cc57fcedb92d3b199977fa6ff3f9da379,54.56126341834306,0.9986802219725059
8,20,5234215.png,0,5027e7d734951cca4a78d5f782c0e46a1177c584161e936e0a49a3fa2f560684,55.72953961451973,0.9995646508197439
8,21,5234215.png,1,96d42af75d4630341392893b7c991c6c3603ec84d82dff5a215f28efeb1138d9,55.71992441025482,0.9995640264789895
8,22,5234269.png,0,395c5bbb903ea600104109c8d07b5741213a6263ae128c5cf4c12ef152832960,58.05429031640916,0.9998582826826622
8,23,5234269.png,1,240e85a318bbb21ef61df6b29067417b5580328ed60429b547bc378548388108,58.06504690886068,0.9998613928901673
8,24,5234270.png,0,2af8f5c434c8164ec62f107ad7959fe0e34858e7a0ac66e27997cfde25961d6e,55.304525280702265,0.999715493275843
8,25,5234270.png,1,a8b27f29fe3a45c4455b90a0ceec637986b6bc2fce9c9264f7aef4be3c30436c,55.30060931934599,0.9997138626320683
8,26,5234273.png,0,6f70ce33d61a0e22d0f7524525c6741a03b3fb7f674a530b1c2e9ca87a588557,57.39493410825645,0.9997685815586475
8,27,5234273.png,1,6559cb22ad82d0a4a3b71e5ba1777e187d35959f2d0c2526c0b80dc13e560f5c,57.40655706308096,0.9997708736158727
8,28,5234277.png,0,34fce9703cd5f6a01091bb5f9f4cc1f7480ebc467bf66971f05936091f414692,57.75183391569861,0.9997686424912501
8,29,5234277.png,1,ef454f8b5c1fa9c1332daf30a4028a186d8bda3c58495ddc6c2f55937bff98af,57.77298923364639,0.9997736407917103
8,30,5234313.png,0,27dfba357383295b28718e4953d603bc21fcdbfcbaddef5689340cbb1cc76d1d,58.88152605350307,0.999781782694413
8,31,5234313.png,1,990d7fc0aba5120fdcd3ee0f57955dd6c134f4baa7a5511618d264062329c81b,58.90792941677748,0.999786959982877
8,32,5234366.png,0,9457c8bff17f7d8f6d8c46a5596b4f51c82a8d83208e82593f0d7ee115ebab79,61.554169017308034,0.9998497004119199
8,33,5234366.png,1,b8b69aa977e0b5312ccc850be78cc433d7bc2a1eec5b248e68f13d4c1edc3427,61.60671661445507,0.9998528651874742
8,34,5234368.png,0,f3b58a2cfa56ddb41db2c25ffb593c7a315ae15a6de73c4dfa5cb2b0e8f5727f,56.25049044967384,0.999803802405813
8,35,5234368.png,1,447d07d94a8ace917e6330943bc6a0ea0af48786a64e0ba3d1840da7821ec895,56.23497353145078,0.9997974194336964
8,36,5234369.png,0,946378672bde909bd113743a71b46727d6b63e0086834f7f73305573fcc3cc89,56.99528676540637,0.9997839484544763
8,37,5234369.png,1,40949fcec71509578930a1565ec61eae2d1d51fb2df9aca65c77fe80d89999e5,56.98738563412174,0.9997807929416432
8,38,5234370.png,0,431823646792ea801a7c83efd429fa3bfade45661586a1c95c8ee5e74308bb88,58.66787978280398,0.999878138165775
8,39,5234370.png,1,96aecb1b0e35c4ce8af32036b5ea3846d5327178c3eaffbd56a577a7024b70c6,58.64761693061074,0.9998739038112768
8,40,5234371.png,0,db16897b4aa7b8a8a4fd05985d094d978b24c8da0b792598dfaa57f3a2c0b8e9,59.83720631930762,0.9998801545779825
8,41,5234371.png,1,c66ff019326b7cca3b8e7bb6b55065311017cc1ffd03dbcfc647191a467f987e,59.84686968670992,0.9998842547595288
8,42,5234372.png,0,3d5143201c8903d1b63038ee680d8e7d78a6898300ad12f0732574e65d5741ca,59.706510090581375,0.9998701384883191
8,43,5234372.png,1,d1b1216edb6a1ad65b3c97f7d6100371643614aa0da9c32b07706bd1b4dffa0a,59.70992463647677,0.9998701605676409
8,44,5234373.png,0,91940efdb8e50dda66ad5af343fc6e5bce8fcc1f371e77170e1fd49f6fb0817c,61.740556021894896,0.9998746678591278
8,45,5234373.png,1,624dc1a50a80bb7ff86bf4cddd9a65ed97c2869d2b965b9d35cdebf0b7dd531b,61.70230640234246,0.9998679929237039
8,46,5234374.png,0,f7d3b999f5b1593a618fb060849a474e5d29acbdabbe3d7c5a64885457e1e63f,62.55178593440728,0.9998846045703772
8,47,5234374.png,1,31ac56b53eff50b8af32a21b7594bb14d3a2be94f9088ce8f4f4057e9ccb3a53,62.6229757670737,0.9998918488068469
8,48,5234375.png,0,ad7a47636c91f6d9441da593bd2f47fa66a541e07ac1949689fc3d722ceb9109,53.542873378059085,0.9996736818303255
8,49,5234375.png,1,a199420e71da194996031a89ac2677baea331344f7226d130c846e51a47f116f,53.54661924203447,0.9996762847905813
8,50,5235108.png,0,dc847af0a17d34357728b33daca031fb5beffce01422bac56bc8a494026a2f4b,54.38130237690919,0.9985707660314596
8,51,5235108.png,1,f7b3b2d0a70b247c78f5b2d14bb8708bb0171a33651dcb092856e3d6bcaa7b1c,54.37436744050862,0.9985667699309916
8,52,5235401.png,0,4150a45e8c19f4e70827f10b3ec878a432402d2166385b0d03eba34733220f52,59.89302519104377,0.9999030165621875
8,53,5235401.png,1,32042fb87d42fcb6a5b963b720555bd63999675f862619d6ac84b33882d91bb6,59.85803386439909,0.9998948987416791
8,54,5235405.png,0,7dd67fe191d2a4edf713500af45096f1c315f456e561257597850a075e7c2d39,57.03170678792769,0.999744371749426
8,55,5235405.png,1,f00f377ce316883061272ea6cd1b370b1dc7a4b6f39ec66cbd684f811f302f96,57.03904476600925,0.9997410690661394
8,56,5235420.png,0,8a35c1e8e1c8a3f726ebe79a3d61d273a8e381029cab29a3233f4783ae5fef0a,56.151377670611,0.9995973688635201
8,57,5235420.png,1,031247de08494eff491a20f2924f8c80d98d498231dcd98cfd3f48b9f9c587da,56.14298361171649,0.9995931505614376
8,58,5235474.png,0,6eb9462e6101a63767a8f2ea9eb41d6e0cba4f6c610ff2ce2851614e687f6c60,56.270450619707795,0.9993438037764099
8,59,5235474.png,1,e982dd16344d839aef885b2e5098704e829a733a886143c3e992ccf67b3ffb7d,56.251242676338805,0.9993374821015241
8,60,5236242.png,0,3c4ae95b5e8046bc242dc9f64b7a816c2902c5018efa14274976ce1dca8d3661,53.82518361966548,0.998840644702082
8,61,5236242.png,1,55fe853bea1005277c5e21b370a53cf77f474e7458f441bef7d63d8f6455375a,53.82217250075854,0.9988371707041734
8,62,5236261.png,0,8e694dcf543849fdf63e81bc4778186c0abb178b315f728ab82883ed64fff6dc,53.41989948430008,0.9986630877407148
8,63,5236261.png,1,a89f61e169e91da083648a228d3e149475db75e05d935ea5151283c13cd66a2a,53.41693273054741,0.9986666122026376
8,64,5236424.png,0,3aa9b58e9d7feb21bfec8d2c621e903db8ffd9dfde7f9cdf0687e351c46f3d74,57.54846602733831,0.9997859074559736
8,65,5236424.png,1,c1796d89164ec77fde28067e8b11ca365323a00062ec501e1cce7bfcd12ec313,57.54426651717456,0.9997848557432608
8,66,5236602.png,0,51fed358940ce5971e1908516007a37b1ba1c2e23d574da0e0f72ffaad062c22,52.32839464703332,0.9973914393210924
8,67,5236602.png,1,6368d68729754069714488eb929c5200226d9d569b4a7f724de343cd3b2b8b62,52.326290166017515,0.9973892716018083
8,68,5237268.png,0,0bda64e37d6ab586a57591ab7b47963e6f18d3fc2591b94631873abdd0694136,58.520307683055535,0.9997107316652407
8,69,5237268.png,1,c326409afc885a947df984d48437d7ae4e76cdcfaf251f1dc51642cde3009775,58.51499528551131,0.999713047682952
8,70,5237579.png,0,5b2c973956706f249b209d8fb67d76c4082ffb0b2ba184a6d51721fa34b98f8c,55.29132303813034,0.9989306002038343
8,71,5237579.png,1,504120a2b90911eccd45721c5c9f3cac59e2ee0655fc2537250057fc1d88fa0f,55.287418957600735,0.9989276333671696
8,72,5237580.png,0,b5b5347f510052a2e11a8b3654f67cac29331891b1f14d51db7636f234470d45,55.27595666685656,0.999143432709959
8,73,5237580.png,1,bf02af43e7982e510796f24804f1efc059a89f554e3e71ae77be8a4375b32bc4,55.291007136427055,0.9991486439520183
8,74,5237785.png,0,518c1a6c576a712c30b719bf7cf0f27cbb9e3dbe52b701ac2d51270a7ef8240a,52.21671070091255,0.9989613065289591
8,75,5237785.png,1,0aae0040f89f1cb23ef603900d9bbb3f12a76a81a5b3e7d1486645b936a189f1,52.21893260130948,0.9989642426597761
8,76,5238012.png,0,786dae259742205b9944a576a74584985d7070a3bfe11847fc7c1c7e795f3ded,56.355879538316735,0.9989524904681583
8,77,5238012.png,1,c40d4e5c766c30727533846a0898cc2a19f20abbe0d0ff6f25b863eaa3403fdf,56.36440160142524,0.9989561574284567
8,78,5238389.png,0,9de049c3fa0e2b8d9a4a2ec0b2a7756cd505017b3f4baa3e22d93bee8df138e5,58.01959499520282,0.9996900795488103
8,79,5238389.png,1,e9d5686d0b7ce53e408931c1d2c992023ce6f33ebdc132f2488a9659aeffc289,58.031183302940235,0.9996909604167364
8,80,5238543.png,0,d09e31c5184aa0fbf4c4af134dad10781419720c7e2723d00c6715a0d961662e,60.287779176249394,0.9998744548320465
8,81,5238543.png,1,4bf1b979f4098fdcd6cdb170149b6552dd947f64f37a3d9dd67902a96961c93b,60.27699397431129,0.9998716932679842
8,82,5238560.png,0,0b08588bd07bfd8f73fc9f6a97e9da5317e7f8ba87cf5e9730c1f76a0f3e62f3,60.27563639394189,0.9998803911365831
8,83,5238560.png,1,7b05d94f8a927e7d3ec83f338f05acad0725b6ad6723c7e63764c5928b2037c7,60.274098315700684,0.9998823877726456
8,84,5238565.png,0,d73299c30a9e3f93e2e06bdbbf470b8ee1e64044bde0ae7d2a51dfcb2ce06078,61.17053775466121,0.9999156732275166
8,85,5238565.png,1,6cd2bc257755d20c4a02dc34b417c3babe3810147e1705b63a1ec39555140e70,61.13896142582193,0.9999113110365032
8,86,5238645.png,0,141755f430500cc17f28b091815d3339b6c391fa43253757ba0d8ca90ac1abbf,54.29983365089604,0.9988217315919727
8,87,5238645.png,1,f08d2fe70ea49f67131056ac9901d74946f4075c5c04449c590042a7fa4b3794,54.30127390359899,0.9988184572485871
8,88,5239367.png,0,e0395f217ff14f5ce7419e2800b7223444c0020aa6a3808be0b4c4bd0f242c54,55.8114114850088,0.9994907824058302
8,89,5239367.png,1,9558bca4ea743ab9eabc22c0b91dc19f123e7253c4ec99c65e155b9948cc2a85,55.815816456079574,0.9994926676625385
8,90,5239482.png,0,affc1c93f48954c399b74b687e6b01cbee50922caadb04d02d389f210926a624,50.93985595599431,0.9983775501257245
8,91,5239482.png,1,028bf4243be6d8ba8a17a97c659df55061cbe61e82d783df656532ea84edb0a6,50.93778971428244,0.9983740059104891
8,92,5240190.png,0,01b08df0584c8872d4746af0f5ade5464aebe8a544d76e673c6812e1285a8505,62.46403446459037,0.999931401987487
8,93,5240190.png,1,c2b25b8b4cade6b434fe7d7e23777ce3715921a646eae856e4f593e645d612e9,62.44654577160044,0.999931329453835
8,94,5240191.png,0,21a44f231dacd81fb855c9ad63ede885580dd7165e4992a864f53ea869014c84,59.40258833495843,0.9997380802664235
8,95,5240191.png,1,55852ab328461a27f5186c29fc10e74edf5b3810a40d7563764e0641f67832fc,59.401256324882176,0.9997385507836851
8,96,5240193.png,0,cc0ff8c5c7cb14d366cc35533ff6d1f33986af6a1f08ae66711757e2eaf3cfbd,58.03048173557703,0.9998205283414032
8,97,5240193.png,1,e89204c1059f4ca3109dbe12d4ab2340b082525209de0b40fd5298e597286562,58.02164091291302,0.9998213587113177
8,98,5240194.png,0,74a41bbf27f1b7bab70d6e05c7a170558047eebe24416ffc39fc43f8f4972a9c,56.53217955893891,0.9997493224855877
8,99,5240194.png,1,47d6d2c9150e23e94e6d42a6e27deac5983f11f881856cb5dc760b05b502664e,56.532026692173,0.9997483011288719
8,100,5240249.png,0,e25ded4bd48dfc1764909c7404e6d977a48d9824c10c5c71c5564d4b37898202,53.32500467416551,0.9994545889903478
8,101,5240249.png,1,1718655074ffa543f86bc49ec896f3f64d12b752902b087c3489e3650bc22027,53.327196641515854,0.9994546672043613
8,102,5240524.png,0,fdfa0228150c92959ec771390cafad9aeb09a82ff45bebaa40bc9c1524367f65,52.43806597259553,0.9986767081060605
8,103,5240524.png,1,f1d123e9f0af6fe2097dc3234793babea80f0e6365ca4bf363f0fe0defb57b95,52.44323533867201,0.9986808454507998
8,104,5240611.png,0,9b49f067a3d56e657da8910037b82cb6ca3cdabe9bcc96e485624e59dc778e9b,54.27131010525285,0.9990439978322185
8,105,5240611.png,1,1f6d6b9d2a619c3069378a54f239601c599ef7a5aec84a5ada6fc78d916e4c54,54.276217747477816,0.9990504304911272
8,106,5240617.png,0,a74139b781a1aea4ea00e82959d30397093216db22a69a8a2ecbbeeb1173bc2b,52.347847617667966,0.9982330451177108
8,107,5240617.png,1,12c7e9a7ff55c096ac5b9fd73a986ee126ac970233f3d5ff095f181da1348e6f,52.35070669928474,0.998240195996401
8,108,5240619.png,0,61b0780be73ad8aaef46eeae9ef9b7ef40a209c1657693e890623d844ea9e7c5,53.84300624540802,0.999049977414992
8,109,5240619.png,1,e85bc4f26b54089f69dcd9ee10bdc51514ef7b0587b618b4ad2dfe79d8c9ac70,53.84893594015559,0.9990530587219221
8,110,5240621.png,0,9472445fdbd09fff810476275d6bad57da24b50e0131586887c02607033903f0,52.24598357240892,0.9982508218671042
8,111,5240621.png,1,7a080ce1f538e23578715a8140aa88698bf53b267c3ff48d495a4c49fbde2825,52.254224592164675,0.9982602560753292
8,112,5240623.png,0,ebaec03b948bbc9d14de838d492a47ef44f80b1d395be3a4e8f7038c22d308a0,52.301793704833926,0.9971109979071823
8,113,5240623.png,1,cf4c610aa6b71bef65c6b36213313a81387a69063787fdfd4e76e708d238412a,52.29176303919239,0.9971041851297399
8,114,5240926.png,0,58b7ba7a09f3005f69feb8da79df0fff73fd2ec4ded900cbf4ab27baef76e73b,54.20874892151665,0.9985855608976785
8,115,5240926.png,1,415b6fd297cb5374ec30b22ad338345dab3c42404971217d15df7f4480924589,54.212510888957006,0.9985879750753582
8,116,5240927.png,0,90fdcde89de557ae3b911899c87c64bdd0888cea1eff177a135a328ae2b55457,59.14030475543292,0.9998385970779861
8,117,5240927.png,1,9b066cf70bfe841b51caf76dc1013f50b96e2492b5069fc2b76501838b623587,59.155450479811755,0.9998409403358988
8,118,5241053.png,0,271337a182703bf1dc9fe054b9222e676ecb0493e743bb4811283073a1d2acd5,56.556592507588206,0.9995997493241354
8,119,5241053.png,1,94c8a90ba0cc8d001cb74b0efd2897900aff00aaa04e3725f0f3a5b391395a1d,56.554018273072245,0.9996010883979362
8,120,5241288.png,0,304f50e70410882f2bdba0562043ca7552657df107fc932b0d5fed12cde4d8fd,53.14312622746265,0.9976239243028783
8,121,5241288.png,1,d644ded4b1730bbf43df5578b9e45ec2f15f5673c845e32b99e463901d9b6fcb,53.14253083333966,0.9976273477298911
8,122,5241386.png,0,f6e749612ac2d4f01d172196ea306d1308336a4ef33e4987316e0273fe3fbd63,59.323818228857796,0.9998190156069766
8,123,5241386.png,1,dc6736b875c069745ef646def1adee64bd91383567adce76856cfcfe6dfb435d,59.320040428211584,0.9998208088098445
8,124,5241388.png,0,ef4def5a820756c0f782ec3e8d9261ccec2d5372df5c01cae6af46eb9885ab6a,64.86779886034194,0.9999492805412928
8,125,5241388.png,1,3deb930348c1c965d366678d6b542e2f1dc392c13d4c80ca88372f14e97c3ecb,64.77373906137524,0.9999423507776211
8,126,5241391.png,0,9616817dbb1efdc713c72c41426c990401e897b2a81f7a13f081db775fb639e2,60.580261440649394,0.9998679548860494
8,127,5241391.png,1,d2bb4fce93687e3d36c7b47fb4169f4189f3d503e45bf8df2dd48bf00a3b5db2,60.58346581366992,0.9998660577938061
8,128,5241396.png,0,51f36b3d7bb522c50cadb9e9008ed8727ac7f97f7a99bd4553b7dc1d88e716d5,60.620144166761314,0.999792987161879
8,129,5241396.png,1,f875076b9cc9504b3309efb73bcded35d5d63d07cf522aff0748b6df6ee565d0,60.58822818803815,0.9997844334416746
8,130,5241436.png,0,69e139572807904d19697524959191547a273a805246fe4a8ba58d842e48f798,59.41927302306751,0.9998034407294147
8,131,5241436.png,1,e4872330d24393e5e250c2029b2c66ca61284956b5789382c702ae1835c75258,59.39585846824835,0.9997992785023099
8,132,5241438.png,0,c5aaff5f3b6aefb0f7c9973b259b0518a2e251d10ca83d1088c0877ce303b8a9,59.14937188620125,0.9997093925805762
8,133,5241438.png,1,ec0510cc08b4ca81b584cd4bd541a0a85e40081339c9385d19b1a980d5fa3ab5,59.15286429099167,0.9997126804848354
8,134,5241441.png,0,8e759ddea5e488b5504c615978a70da2cee8194cffea0f1db27b263ab0b9fbc6,58.16607961451722,0.9997963206118726
8,135,5241441.png,1,5ead2534932452019f0aaef1006ff3df7da9c51ec6240980e5a971b2650c177c,58.16535591563461,0.9997972531054246
8,136,5241460.png,0,ced1abfadb6fb5f41b28d0c830a3af2772bcbe4c788eb6fd6c380ac9cd6905c7,58.34398901920407,0.9995910122831059
8,137,5241460.png,1,c353f72679b99036036fd3d64f2648d988e234e492bb12b6e451a297d9b3d8ff,58.32494821944629,0.9995840216847124
8,138,5241706.png,0,7eb3f3174e78ee890eb8b4081b706f1eef3e2c9e64d3b2b238e0921533c4fe44,52.59843613943048,0.9987669887783861
8,139,5241706.png,1,4ba906775631fe577648a966ccbc5ad43162f22a5c1140372d2df4c18c9d6e71,52.595177728062545,0.9987688347596336
8,140,5241854.png,0,7adf48c4536623185092a60d7df53d0bc3d7009f13dadd9696bb865dd3facdf7,53.79087428839274,0.999112038921736
8,141,5241854.png,1,dbacb23008cca7d9d623daea9d14a62e3e93d866cf9f88a9949661d2efcd6421,53.79329419248275,0.9991153189132027
8,142,5242008.png,0,a1dce052f557eba3d914448cfb3aab6cd8d8330f453436c41e948d12be78eb4a,55.834001794858146,0.9994683815309364
8,143,5242008.png,1,e190de8f34fbb9a0ee3c85cf3caa753859102666b7151bdcb6ed0e19112b1f38,55.84041728607117,0.9994733778649415
8,144,5242211.png,0,3f08e6ed07477c26ce5fc2403bce5d86d84f1232fc25bd57935a8ccd80067ab8,52.51877717806497,0.997401281666452
8,145,5242211.png,1,1d7ac4f29fc7225b12aeae1aed8647da492faadc2d57e3d4846d3d9f5fbc124f,52.525820711835934,0.9974114336921843
8,146,5242439.png,0,c652b1e15200ff72798a7c19cb61d80375ff84080ae6298bcbe069bb92c2948e,56.95432326857887,0.9998419058043714
8,147,5242439.png,1,160d26ea4b92c029eb837e40e98cfa89ecd24e4c3579f36121aabc145d9065da,56.9681179732111,0.9998436593646121
8,148,5242449.png,0,586491ec911c85596d5564efc7e325baa40cec4d93b5f40759813fe3306658cd,52.91538974385095,0.998080550373189
8,149,5242449.png,1,f1507acaac54fd96ee8c1b14cf40c78375a8df21f6ac99eb787930200f22c484,52.918714639181,0.9980803493064596
8,150,5242569.png,0,cdb0787b1b55d6c1b09a58f8b2df5f06694ec44a997cf83c7726cd00bdfa182d,52.80537067522654,0.997622980985755
8,151,5242569.png,1,8b9da8f436d5c3ea4f3a749b774f9324b05081ea234c1b56074335228946c65c,52.797406392494935,0.9976186955133555
8,152,5242707.png,0,11558b3eb41d6f2882d31d81684859edd42126b7cd1607b1340bbf49bcea8cab,62.69519405467368,0.999813203906638
8,153,5242707.png,1,47c50ffed2f3ba40d02995babe78bedfe2928894781247b39ccd180f81a86cd9,62.77426031003709,0.9998262234836606
8,154,5242770.png,0,7480889ba33434d991ae966c4442b4cc3fc74cae9d710cddb1aed43938e93ab2,66.88587505900901,0.9999557328511562
8,155,5242770.png,1,8def8aca15647a49615282b804ec11ef0247887cc3abff3953c72061d5bf55ed,67.03132092178953,0.9999594515496023
8,156,5242837.png,0,4f34acf9bdd8c96e4a5ec91dab040f4c53c505cf0d824e462bd07702d2554949,52.30991011932032,0.9982996696927411
8,157,5242837.png,1,85a49f50d81d325fee27e0f6b37dd1d49a2c769415e64aeceb884cfd4fb082a8,52.31416212365878,0.9983005887469812
8,158,5242841.png,0,d08a605259eb9169862365e084300e174a034f5541304f26ecb90a4ba744a954,53.07627173897799,0.9986291687614979
8,159,5242841.png,1,ed8fda2930dec36463466a1a45b5d45144e257849d28959000423a9883dcd172,53.07956683488197,0.9986319576909422
8,160,5242881.png,0,b434c4517479da82add8a7761bce07b740b936002f00aea145d4a0317c55aae7,58.32777879790302,0.9996999921030133
8,161,5242881.png,1,870ca59d156fed227b9e660a1dc4c65d0955d69e57c1aaec583ea131112131c9,58.34033644049397,0.9996999439372485
8,162,5243335.png,0,2308ff7d21ddf0408bf6496d207ddadba1a6495181d7d04d5fc4c22b09859861,54.247554780886745,0.9991105164296038
8,163,5243335.png,1,f3573201137e2e75fc65fac51ed4c951b49dd83ee8968a7f4c56623321fa4473,54.24279219789977,0.9991096535156933
8,164,5243336.png,0,d403db1e9d97855c7b6599d92565805af2e121ff93dd2183c5242f7bb87b54a8,53.72500006416843,0.9992597208404854
8,165,5243336.png,1,e0d696c1fcc4b5b226b71bb1e4a01165f0a2fc72f27223f473b7ea233735c04a,53.71795746021988,0.9992562099800848
8,166,5243340.png,0,e35470e4b03712a71d5e672470f07793c98a652fe374a8e146ee4593da09cd14,55.493397926894374,0.9993280381731958
8,167,5243340.png,1,1cbf8d9a9929b6fb74f34a04634219af7c33bafbb4859a2e7fd710c446bf398c,55.47862016816374,0.9993168839287746
8,168,5243341.png,0,e3226fe35c55b7bb0288f6ca010b96e513886f6555ac3e20e5e7f1a1441f5f2b,55.87227652871529,0.9993286245263456
8,169,5243341.png,1,8ac054b6b4d258b5f35e3bab73be23acfef129b76ed1318d8df92739dd9d8dc2,55.87244068164515,0.999330741081352
8,170,5243507.png,0,bd5f75a6500730a8734b291146b7e6b880de3db48cf11823ecee20cbf6be4dc9,53.451521189854105,0.9990795973669977
8,171,5243507.png,1,eeb14c0cc70d292b9b2e8cdb1f412c85004695665404bcd9e67456f03cffe49e,53.45533959350723,0.9990816924847312
8,172,5243623.png,0,04aeadc7b8dfb8388eb6bcf1a414d36dd45ebb73aadbc16b550ce54ff505f6a4,56.532638191523716,0.9996368788781501
8,173,5243623.png,1,4eaf8de49663c261fd03615a39412071dfac42f6160ea1263b0dd92dbc3f79af,56.533249776987454,0.999633821745033
8,174,5243630.png,0,8c6dc456942a81d01edb8e694a13e0aaa2ba2581a5c14c9d72d523663e2632c1,57.407351733659766,0.9995804970533729
8,175,5243630.png,1,f0a6ac74d84e4fe27b773494d524df1284ad6d82a09585ed12e6e7f2a7bfcb73,57.41114010350224,0.9995871234333887
8,176,5243659.png,0,1ff30bc271fbabbcde5f457aaae993ff2760f7beb65205ab4080a8327dd7b023,53.05480279692965,0.9989884906255124
8,177,5243659.png,1,a1e6e5f0ff24972a5f187da0670d377732418bf947f2ceae7f10e91599e3ed46,53.071239037854596,0.9989956863886533
8,178,5243661.png,0,cbfab41a841a96c6fa05a37552704376bcb7038ed736396f5c0c135a7ab60b46,52.171347466392945,0.9989584316242069
8,179,5243661.png,1,31565563fcae70c445c342cd84d1ced1ec9fa7e12d2cfd819416e889eecd81ba,52.17728820412745,0.9989606159795802
8,180,5243786.png,0,fc953cd46ba58b5b3578fe3d9b0d1dc2879ebfbffa43f56916d7d8a4c3963a14,54.80626181832019,0.9989050381487798
8,181,5243786.png,1,4a5d5f1b497ebe6483a178081e5e174924d48f3bd64b2f3dcdcfcd387ceaa4d5,54.790008378483165,0.9988931927822892
8,182,5243979.png,0,923bf9e943866e17759d889a5e3eff852ed07c156c523e3c91b03bac0b5e0346,54.23330518148057,0.9986073958716197
8,183,5243979.png,1,a9a75b64ec04dd72ff4cca4a7398cf72f53e6e69b02b6d3111e47579bfb21759,54.23611982909172,0.998609179818584
8,184,5243980.png,0,469350c10f145c72ae07370d9da9531442fca3702e05af5958f5cfb510ae3c2b,57.21173580843754,0.9995730040392243
8,185,5243980.png,1,919e78586bb34227097f9c1cfb5acf3e251d5e00e3fda51861d2866aba1ba631,57.20834064896732,0.9995752881227756
8,186,5243987.png,0,7b0b86bfe9dbf69b035173f798b6a24d8773509cf1b868341289a24309a3d702,56.44137560052121,0.9995100648437053
8,187,5243987.png,1,20482c37ec86c7504257b1ed85091a914114db73d5eaf45481c0b158c40dff06,56.43374727830195,0.999509404721608
8,188,5244225.png,0,ad373ecf2b4775c3e7805f3d56fffc37d335d51750ba9011475cb6d5bab1f4b0,54.07611665629744,0.998315694518317
8,189,5244225.png,1,b709b5e1f6b30218b9df19f9d9e363d299461c5ade9b1cce8b74410f2d4a30f5,54.07125639719715,0.9983111294746042
8,190,5244243.png,0,ae5557a72c3fcf790ce405d4c7034b83149eb1943b43cf22803671f77218324f,59.344362963523736,0.9998325510616274
8,191,5244243.png,1,e35898da08079b5150228184f64e336f43db760740d512674a97138287409a34,59.342245718106845,0.9998287365170473
8,192,5244420.png,0,a5957080b055275414938f0762ac81c983a5cc4bbf6e7b2ae3e069122d5450cf,53.6993257176156,0.9990252557193968
8,193,5244420.png,1,26ba1b2d328c4de528ebb6f867d840daeff5c6d7a598cf8ba9b4d0fc1797778b,53.69315936032451,0.9990225523366792
8,194,5244484.png,0,514e64d4a0c9e78851bb4fc0b14bfe21c73489cdbb30232a059dd8e0fb3b9079,59.48190895836498,0.999817007618642
8,195,5244484.png,1,5e5c84bcac984a9e0cecf3b85202901b2a5db2751ca47723209d20b69481d51f,59.5158853868087,0.9998207424100247
8,196,5244485.png,0,dcc8353b5a696bcf5c05fe7122d70432997576466e27e0dea35eaea5b6557963,53.13072737359357,0.9980561737594328
8,197,5244485.png,1,71b6d996332a70f136e2effe9200fa3288897fdf7140b734065369d0f0a91e7d,53.12678255810626,0.9980512778575504
8,198,5244492.png,0,62b90f722fec5ce864a87b34bd50e3211905b78394be8a24a4bc93c1b320574d,57.020829936080546,0.9996250563399697
8,199,5244492.png,1,64d5c0f0fec815d965a4871925c01f862922b1b682929853040ad379080a7053,56.99609467998762,0.9996207564683622
16,0,5233540.png,0,bad6366e8f83df4d68b7418183787a2527d66929e81f8a968f5357607d8890cd,63.38617210903577,0.9998580410885306
16,1,5233540.png,1,d67d3e800bfbc2b70221bd798f679a95f90eee7295f55b6a24e47f21ded45f55,63.75636997140645,0.9998751862565474
16,2,5233654.png,0,b0d9826d06721939096f6dea3e61f2b55902fea04d3eb3a260495ceb8f127fc5,55.99095506448261,0.999313674100606
16,3,5233654.png,1,57136fba8284d589b716664175e5165e5d38b77b6d73d40d0f85e327f1b455e6,55.98094598404653,0.9993062895064372
16,4,5233837.png,0,bb569bfd73c3e6ee2d84cc970f4ff5c882cf5612c49bc2a371224af1bb819ce9,55.38644180882936,0.9989192016129187
16,5,5233837.png,1,47e11f6d892502097da7c1f1b2501b0885a6556d80cfb8884c65e9ecebffbf22,55.45642805707057,0.9989532985346217
16,6,5233987.png,0,5de5e59c62e96c80f3ab33967f5e386a8844879a984061f2f9a3a9f6571c441c,51.9329955482179,0.997560249583123
16,7,5233987.png,1,562ad2f2109cae3619543092025635e1e62165029cd1d988637f4f895bf445be,51.95353450406187,0.9975849112461678
16,8,5233992.png,0,eb9e572d2bbbfe7774b6733206b3a62fbee85473a19531b2c3065bfc327d639f,52.491590874953914,0.9982404234005556
16,9,5233992.png,1,6334e0585d4527ba31e4cb2387bf040a7d95da486545bd4fb064b50c4da92f11,52.48300770942761,0.9982374138055145
16,10,5233997.png,0,3d21315e3a262473d99866ce2b403f5cb7cbd121aced9e0d45ab436e4eb44ae1,52.64604580988821,0.998149266705727
16,11,5233997.png,1,856c00c660e07dd3261494490bf5e0ea19fe0fd757b50c67cab357a3be12b162,52.690757491682454,0.9981940081636953
16,12,5234033.png,0,c47d135ea75bfce02c57f551080bada0deb20335f9f7f9acd88a66e2cb92fd6e,54.02372274835401,0.9989087495483625
16,13,5234033.png,1,a9b4a7244b9eb4a3b7ff880e398b7899f9be3b42c51ef2efa7de8a6271a5ec75,54.019349274606114,0.9988844527711244
16,14,5234037.png,0,52dd3a51cd82923d422e7d9cf8228a2408d2f3081eb5b7907a4b96cbf4f1736a,55.146242084468724,0.9990641232234706
16,15,5234037.png,1,ec3b3a162cb55298a0748ce072d60af383b06f6caef79c2a85b8ef3850ab739e,55.09455454169299,0.999038066215728
16,16,5234084.png,0,52eab2067cd8aac83f6f9190cd91e1e8e84c6c4941c380a8a7865d79d265d84f,57.80991461210419,0.9995053200096349
16,17,5234084.png,1,ef03b0755ff2406f5349ffdcb61648049d41ec04d1e18d52bc8970b377ce233f,57.80642827948444,0.9995041788125891
16,18,5234162.png,0,1031e9c762cce5b22d17a94a0b71154c085314df4140707eafb6fe33a0127ff1,54.420889251051,0.9986161155378923
16,19,5234162.png,1,631a7ba0a6bc92cc280a958afb02376cc57fcedb92d3b199977fa6ff3f9da379,54.39623373597818,0.9986046488248738
16,20,5234215.png,0,5027e7d734951cca4a78d5f782c0e46a1177c584161e936e0a49a3fa2f560684,55.540285367547256,0.9995344350721972
16,21,5234215.png,1,96d42af75d4630341392893b7c991c6c3603ec84d82dff5a215f28efeb1138d9,55.531686767572594,0.9995258403031025
16,22,5234269.png,0,395c5bbb903ea600104109c8d07b5741213a6263ae128c5cf4c12ef152832960,57.743895591323025,0.9997662067555909
16,23,5234269.png,1,240e85a318bbb21ef61df6b29067417b5580328ed60429b547bc378548388108,57.78016584769746,0.9997815144363426
16,24,5234270.png,0,2af8f5c434c8164ec62f107ad7959fe0e34858e7a0ac66e27997cfde25961d6e,55.12432679353889,0.9996328231273074
16,25,5234270.png,1,a8b27f29fe3a45c4455b90a0ceec637986b6bc2fce9c9264f7aef4be3c30436c,55.10785935117981,0.9996243646961326
16,26,5234273.png,0,6f70ce33d61a0e22d0f7524525c6741a03b3fb7f674a530b1c2e9ca87a588557,57.17763701054358,0.9996935530501574
16,27,5234273.png,1,6559cb22ad82d0a4a3b71e5ba1777e187d35959f2d0c2526c0b80dc13e560f5c,57.175996699606074,0.999700786808512
16,28,5234277.png,0,34fce9703cd5f6a01091bb5f9f4cc1f7480ebc467bf66971f05936091f414692,57.50177654317267,0.9996857068142032
16,29,5234277.png,1,ef454f8b5c1fa9c1332daf30a4028a186d8bda3c58495ddc6c2f55937bff98af,57.52741284609929,0.9997034030104276
16,30,5234313.png,0,27dfba357383295b28718e4953d603bc21fcdbfcbaddef5689340cbb1cc76d1d,58.404733764035804,0.9996617373114453
16,31,5234313.png,1,990d7fc0aba5120fdcd3ee0f57955dd6c134f4baa7a5511618d264062329c81b,58.460974208350684,0.9996811002497342
16,32,5234366.png,0,9457c8bff17f7d8f6d8c46a5596b4f51c82a8d83208e82593f0d7ee115ebab79,60.91112239781392,0.9997622944809343
16,33,5234366.png,1,b8b69aa977e0b5312ccc850be78cc433d7bc2a1eec5b248e68f13d4c1edc3427,61.019626095068844,0.9997734821054466
16,34,5234368.png,0,f3b58a2cfa56ddb41db2c25ffb593c7a315ae15a6de73c4dfa5cb2b0e8f5727f,56.060883387800544,0.9997387207120746
16,35,5234368.png,1,447d07d94a8ace917e6330943bc6a0ea0af48786a64e0ba3d1840da7821ec895,56.00731574707656,0.9997133760781572
16,36,5234369.png,0,946378672bde909bd113743a71b46727d6b63e0086834f7f73305573fcc3cc89,56.77292675679851,0.9997200974870749
16,37,5234369.png,1,40949fcec71509578930a1565ec61eae2d1d51fb2df9aca65c77fe80d89999e5,56.767759179108516,0.9997093335935662
16,38,5234370.png,0,431823646792ea801a7c83efd429fa3bfade45661586a1c95c8ee5e74308bb88,58.3568263773953,0.9998136123270186
16,39,5234370.png,1,96aecb1b0e35c4ce8af32036b5ea3846d5327178c3eaffbd56a577a7024b70c6,58.320676962136375,0.9997995669353262
16,40,5234371.png,0,db16897b4aa7b8a8a4fd05985d094d978b24c8da0b792598dfaa57f3a2c0b8e9,59.39615406754189,0.9997980833938308
16,41,5234371.png,1,c66ff019326b7cca3b8e7bb6b55065311017cc1ffd03dbcfc647191a467f987e,59.43058084425751,0.9998118987743032
16,42,5234372.png,0,3d5143201c8903d1b63038ee680d8e7d78a6898300ad12f0732574e65d5741ca,59.30916130223448,0.9997833542069262
16,43,5234372.png,1,d1b1216edb6a1ad65b3c97f7d6100371643614aa0da9c32b07706bd1b4dffa0a,59.295781137747355,0.999781586161076
16,44,5234373.png,0,91940efdb8e50dda66ad5af343fc6e5bce8fcc1f371e77170e1fd49f6fb0817c,61.15156442085339,0.9998038968957136
16,45,5234373.png,1,624dc1a50a80bb7ff86bf4cddd9a65ed97c2869d2b965b9d35cdebf0b7dd531b,61.08280518346472,0.9997819137267805
16,46,5234374.png,0,f7d3b999f5b1593a618fb060849a474e5d29acbdabbe3d7c5a64885457e1e63f,61.82363485587345,0.9997882312465084
16,47,5234374.png,1,31ac56b53eff50b8af32a21b7594bb14d3a2be94f9088ce8f4f4057e9ccb3a53,62.01722691122802,0.9998166777356293
16,48,5234375.png,0,ad7a47636c91f6d9441da593bd2f47fa66a541e07ac1949689fc3d722ceb9109,53.37771633580408,0.9995553288850779
16,49,5234375.png,1,a199420e71da194996031a89ac2677baea331344f7226d130c846e51a47f116f,53.41117294246348,0.9995672627234583
16,50,5235108.png,0,dc847af0a17d34357728b33daca031fb5beffce01422bac56bc8a494026a2f4b,54.23208981772109,0.9984735589477797
16,51,5235108.png,1,f7b3b2d0a70b247c78f5b2d14bb8708bb0171a33651dcb092856e3d6bcaa7b1c,54.20722714636778,0.9984552160936854
16,52,5235401.png,0,4150a45e8c19f4e70827f10b3ec878a432402d2166385b0d03eba34733220f52,59.54179165750146,0.9998532830996815
16,53,5235401.png,1,32042fb87d42fcb6a5b963b720555bd63999675f862619d6ac84b33882d91bb6,59.47520566126674,0.9998244846801957
16,54,5235405.png,0,7dd67fe191d2a4edf713500af45096f1c315f456e561257597850a075e7c2d39,56.79520143285306,0.9996807030064363
16,55,5235405.png,1,f00f377ce316883061272ea6cd1b370b1dc7a4b6f39ec66cbd684f811f302f96,56.761872407649136,0.9996667799075695
16,56,5235420.png,0,8a35c1e8e1c8a3f726ebe79a3d61d273a8e381029cab29a3233f4783ae5fef0a,55.94667916427171,0.9995262828826309
16,57,5235420.png,1,031247de08494eff491a20f2924f8c80d98d498231dcd98cfd3f48b9f9c587da,55.91354224504441,0.9995146177510154
16,58,5235474.png,0,6eb9462e6101a63767a8f2ea9eb41d6e0cba4f6c610ff2ce2851614e687f6c60,56.088434584042794,0.9992795018990747
16,59,5235474.png,1,e982dd16344d839aef885b2e5098704e829a733a886143c3e992ccf67b3ffb7d,56.015179964008595,0.9992502482806486
16,60,5236242.png,0,3c4ae95b5e8046bc242dc9f64b7a816c2902c5018efa14274976ce1dca8d3661,53.675920194672756,0.9987798490910546
16,61,5236242.png,1,55fe853bea1005277c5e21b370a53cf77f474e7458f441bef7d63d8f6455375a,53.72139730580591,0.9988053452901742
16,62,5236261.png,0,8e694dcf543849fdf63e81bc4778186c0abb178b315f728ab82883ed64fff6dc,53.300493609742134,0.998604326459764
16,63,5236261.png,1,a89f61e169e91da083648a228d3e149475db75e05d935ea5151283c13cd66a2a,53.30212822810188,0.998617020552013
16,64,5236424.png,0,3aa9b58e9d7feb21bfec8d2c621e903db8ffd9dfde7f9cdf0687e351c46f3d74,57.23032212954307,0.9997380012849687
16,65,5236424.png,1,c1796d89164ec77fde28067e8b11ca365323a00062ec501e1cce7bfcd12ec313,57.220235337489925,0.9997341697868335
16,66,5236602.png,0,51fed358940ce5971e1908516007a37b1ba1c2e23d574da0e0f72ffaad062c22,52.235313465279944,0.9973367599901496
16,67,5236602.png,1,6368d68729754069714488eb929c5200226d9d569b4a7f724de343cd3b2b8b62,52.224286812738896,0.9973295395347423
16,68,5237268.png,0,0bda64e37d6ab586a57591ab7b47963e6f18d3fc2591b94631873abdd0694136,58.24189718563241,0.9996360220580449
16,69,5237268.png,1,c326409afc885a947df984d48437d7ae4e76cdcfaf251f1dc51642cde3009775,58.265187768525664,0.9996511654569721
16,70,5237579.png,0,5b2c973956706f249b209d8fb67d76c4082ffb0b2ba184a6d51721fa34b98f8c,55.16745900588,0.9988822529605396
16,71,5237579.png,1,504120a2b90911eccd45721c5c9f3cac59e2ee0655fc2537250057fc1d88fa0f,55.10568491295635,0.9988599283089211
16,72,5237580.png,0,b5b5347f510052a2e11a8b3654f67cac29331891b1f14d51db7636f234470d45,55.09087817185104,0.9990903697934684
16,73,5237580.png,1,bf02af43e7982e510796f24804f1efc059a89f554e3e71ae77be8a4375b32bc4,55.13897090835056,0.9991054919108403
16,74,5237785.png,0,518c1a6c576a712c30b719bf7cf0f27cbb9e3dbe52b701ac2d51270a7ef8240a,52.10837894546067,0.9988548090853234
16,75,5237785.png,1,0aae0040f89f1cb23ef603900d9bbb3f12a76a81a5b3e7d1486645b936a189f1,52.1061163267171,0.9988576580977725
16,76,5238012.png,0,786dae259742205b9944a576a74584985d7070a3bfe11847fc7c1c7e795f3ded,56.111857746609495,0.9988604458954805
16,77,5238012.png,1,c40d4e5c766c30727533846a0898cc2a19f20abbe0d0ff6f25b863eaa3403fdf,56.12603517263682,0.9988631136998074
16,78,5238389.png,0,9de049c3fa0e2b8d9a4a2ec0b2a7756cd505017b3f4baa3e22d93bee8df138e5,57.72202663005017,0.9996178377420382
16,79,5238389.png,1,e9d5686d0b7ce53e408931c1d2c992023ce6f33ebdc132f2488a9659aeffc289,57.75011355678659,0.9996218222653486
16,80,5238543.png,0,d09e31c5184aa0fbf4c4af134dad10781419720c7e2723d00c6715a0d961662e,59.863379837732474,0.999798811974051
16,81,5238543.png,1,4bf1b979f4098fdcd6cdb170149b6552dd947f64f37a3d9dd67902a96961c93b,59.80834456132538,0.9997874095387775
16,82,5238560.png,0,0b08588bd07bfd8f73fc9f6a97e9da5317e7f8ba87cf5e9730c1f76a0f3e62f3,59.882928009456876,0.9998152025756767
16,83,5238560.png,1,7b05d94f8a927e7d3ec83f338f05acad0725b6ad6723c7e63764c5928b2037c7,59.92312459978749,0.9998214221451621
16,84,5238565.png,0,d73299c30a9e3f93e2e06bdbbf470b8ee1e64044bde0ae7d2a51dfcb2ce06078,60.69434381178481,0.9998373503451292
16,85,5238565.png,1,6cd2bc257755d20c4a02dc34b417c3babe3810147e1705b63a1ec39555140e70,60.584437302761984,0.9998204068331521
16,86,5238645.png,0,141755f430500cc17f28b091815d3339b6c391fa43253757ba0d8ca90ac1abbf,54.15451923903943,0.9987257603646046
16,87,5238645.png,1,f08d2fe70ea49f67131056ac9901d74946f4075c5c04449c590042a7fa4b3794,54.176791993081714,0.9987310820940084
16,88,5239367.png,0,e0395f217ff14f5ce7419e2800b7223444c0020aa6a3808be0b4c4bd0f242c54,55.64379080645595,0.9994319776507474
16,89,5239367.png,1,9558bca4ea743ab9eabc22c0b91dc19f123e7253c4ec99c65e155b9948cc2a85,55.65517451531342,0.9994371413982424
16,90,5239482.png,0,affc1c93f48954c399b74b687e6b01cbee50922caadb04d02d389f210926a624,50.85326833129849,0.9982384420510481
16,91,5239482.png,1,028bf4243be6d8ba8a17a97c659df55061cbe61e82d783df656532ea84edb0a6,50.843470142178326,0.9982312953286909
16,92,5240190.png,0,01b08df0584c8872d4746af0f5ade5464aebe8a544d76e673c6812e1285a8505,61.77211530033783,0.9998503743666984
16,93,5240190.png,1,c2b25b8b4cade6b434fe7d7e23777ce3715921a646eae856e4f593e645d612e9,61.779913134094535,0.9998486459723169
16,94,5240191.png,0,21a44f231dacd81fb855c9ad63ede885580dd7165e4992a864f53ea869014c84,58.97360935357514,0.9996494750348427
16,95,5240191.png,1,55852ab328461a27f5186c29fc10e74edf5b3810a40d7563764e0641f67832fc,59.00483287851286,0.9996509607648135
16,96,5240193.png,0,cc0ff8c5c7cb14d366cc35533ff6d1f33986af6a1f08ae66711757e2eaf3cfbd,57.734711325890686,0.9997435662765657
16,97,5240193.png,1,e89204c1059f4ca3109dbe12d4ab2340b082525209de0b40fd5298e597286562,57.73289695660451,0.9997491553924499
16,98,5240194.png,0,74a41bbf27f1b7bab70d6e05c7a170558047eebe24416ffc39fc43f8f4972a9c,56.29625440550196,0.9996623169075082
16,99,5240194.png,1,47d6d2c9150e23e94e6d42a6e27deac5983f11f881856cb5dc760b05b502664e,56.29524101792668,0.9996605160112138
16,100,5240249.png,0,e25ded4bd48dfc1764909c7404e6d977a48d9824c10c5c71c5564d4b37898202,53.21720305924703,0.9994359476560425
16,101,5240249.png,1,1718655074ffa543f86bc49ec896f3f64d12b752902b087c3489e3650bc22027,53.23142412880122,0.999436536430415
16,102,5240524.png,0,fdfa0228150c92959ec771390cafad9aeb09a82ff45bebaa40bc9c1524367f65,52.33164771322342,0.9986173357127535
16,103,5240524.png,1,f1d123e9f0af6fe2097dc3234793babea80f0e6365ca4bf363f0fe0defb57b95,52.35390351343896,0.9986347462037384
16,104,5240611.png,0,9b49f067a3d56e657da8910037b82cb6ca3cdabe9bcc96e485624e59dc778e9b,54.122891598382935,0.9989504931871013
16,105,5240611.png,1,1f6d6b9d2a619c3069378a54f239601c599ef7a5aec84a5ada6fc78d916e4c54,54.15739386784711,0.998977586531652
16,106,5240617.png,0,a74139b781a1aea4ea00e82959d30397093216db22a69a8a2ecbbeeb1173bc2b,52.221410582330336,0.9981219372097319
16,107,5240617.png,1,12c7e9a7ff55c096ac5b9fd73a986ee126ac970233f3d5ff095f181da1348e6f,52.24853405098408,0.9981491841293542
16,108,5240619.png,0,61b0780be73ad8aaef46eeae9ef9b7ef40a209c1657693e890623d844ea9e7c5,53.69858927273618,0.998986665527934
16,109,5240619.png,1,e85bc4f26b54089f69dcd9ee10bdc51514ef7b0587b618b4ad2dfe79d8c9ac70,53.722077597918236,0.9989913962791341
16,110,5240621.png,0,9472445fdbd09fff810476275d6bad57da24b50e0131586887c02607033903f0,52.16187871605786,0.998169683852891
16,111,5240621.png,1,7a080ce1f538e23578715a8140aa88698bf53b267c3ff48d495a4c49fbde2825,52.175620053952365,0.9981890724121656
16,112,5240623.png,0,ebaec03b948bbc9d14de838d492a47ef44f80b1d395be3a4e8f7038c22d308a0,52.184444685500054,0.9970075249216911
16,113,5240623.png,1,cf4c610aa6b71bef65c6b36213313a81387a69063787fdfd4e76e708d238412a,52.18753543958332,0.9970044847362233
16,114,5240926.png,0,58b7ba7a09f3005f69feb8da79df0fff73fd2ec4ded900cbf4ab27baef76e73b,54.059021369233605,0.9985299497621636
16,115,5240926.png,1,415b6fd297cb5374ec30b22ad338345dab3c42404971217d15df7f4480924589,54.0247309869477,0.9985120802706762
16,116,5240927.png,0,90fdcde89de557ae3b911899c87c64bdd0888cea1eff177a135a328ae2b55457,58.77768140216584,0.9997681020756451
16,117,5240927.png,1,9b066cf70bfe841b51caf76dc1013f50b96e2492b5069fc2b76501838b623587,58.79624390578493,0.9997750208145885
16,118,5241053.png,0,271337a182703bf1dc9fe054b9222e676ecb0493e743bb4811283073a1d2acd5,56.252281679785945,0.999488702246658
16,119,5241053.png,1,94c8a90ba0cc8d001cb74b0efd2897900aff00aaa04e3725f0f3a5b391395a1d,56.27552707711314,0.9994966756983024
16,120,5241288.png,0,304f50e70410882f2bdba0562043ca7552657df107fc932b0d5fed12cde4d8fd,53.022337175075684,0.9975415942968914
16,121,5241288.png,1,d644ded4b1730bbf43df5578b9e45ec2f15f5673c845e32b99e463901d9b6fcb,53.03031567431983,0.9975445010858445
16,122,5241386.png,0,f6e749612ac2d4f01d172196ea306d1308336a4ef33e4987316e0273fe3fbd63,58.89836352781481,0.9997410498702255
16,123,5241386.png,1,dc6736b875c069745ef646def1adee64bd91383567adce76856cfcfe6dfb435d,58.96316201100262,0.9997510343952108
16,124,5241388.png,0,ef4def5a820756c0f782ec3e8d9261ccec2d5372df5c01cae6af46eb9885ab6a,63.89677139170725,0.9998825691283807
16,125,5241388.png,1,3deb930348c1c965d366678d6b542e2f1dc392c13d4c80ca88372f14e97c3ecb,63.565397178798186,0.9998539334642688
16,126,5241391.png,0,9616817dbb1efdc713c72c41426c990401e897b2a81f7a13f081db775fb639e2,60.1498821525757,0.9998113917806551
16,127,5241391.png,1,d2bb4fce93687e3d36c7b47fb4169f4189f3d503e45bf8df2dd48bf00a3b5db2,60.119222646350906,0.9997989647342213
16,128,5241396.png,0,51f36b3d7bb522c50cadb9e9008ed8727ac7f97f7a99bd4553b7dc1d88e716d5,60.153135986588815,0.9997158972602221
16,129,5241396.png,1,f875076b9cc9504b3309efb73bcded35d5d63d07cf522aff0748b6df6ee565d0,59.98226462955618,0.9996855211799831
16,130,5241436.png,0,69e139572807904d19697524959191547a273a805246fe4a8ba58d842e48f798,58.861093251226215,0.999660302198261
16,131,5241436.png,1,e4872330d24393e5e250c2029b2c66ca61284956b5789382c702ae1835c75258,58.7686536721626,0.9996412953183328
16,132,5241438.png,0,c5aaff5f3b6aefb0f7c9973b259b0518a2e251d10ca83d1088c0877ce303b8a9,58.61471262472162,0.9995744615270389
16,133,5241438.png,1,ec0510cc08b4ca81b584cd4bd541a0a85e40081339c9385d19b1a980d5fa3ab5,58.610578513875524,0.9995859331644567
16,134,5241441.png,0,8e759ddea5e488b5504c615978a70da2cee8194cffea0f1db27b263ab0b9fbc6,57.837906486236236,0.999742871031534
16,135,5241441.png,1,5ead2534932452019f0aaef1006ff3df7da9c51ec6240980e5a971b2650c177c,57.9296719910386,0.9997467891040658
16,136,5241460.png,0,ced1abfadb6fb5f41b28d0c830a3af2772bcbe4c788eb6fd6c380ac9cd6905c7,58.083634833728475,0.9995300931817374
16,137,5241460.png,1,c353f72679b99036036fd3d64f2648d988e234e492bb12b6e451a297d9b3d8ff,58.00798384247927,0.9995110548413165
16,138,5241706.png,0,7eb3f3174e78ee890eb8b4081b706f1eef3e2c9e64d3b2b238e0921533c4fe44,52.49566251325867,0.9987418056730597
16,139,5241706.png,1,4ba906775631fe577648a966ccbc5ad43162f22a5c1140372d2df4c18c9d6e71,52.502351296889074,0.9987410668512222
16,140,5241854.png,0,7adf48c4536623185092a60d7df53d0bc3d7009f13dadd9696bb865dd3facdf7,53.64553685831022,0.9990762690407601
16,141,5241854.png,1,dbacb23008cca7d9d623daea9d14a62e3e93d866cf9f88a9949661d2efcd6421,53.69646025625437,0.9990893564733834
16,142,5242008.png,0,a1dce052f557eba3d914448cfb3aab6cd8d8330f453436c41e948d12be78eb4a,55.54016371387612,0.9993307439055537
16,143,5242008.png,1,e190de8f34fbb9a0ee3c85cf3caa753859102666b7151bdcb6ed0e19112b1f38,55.562055324256995,0.9993563551154638
16,144,5242211.png,0,3f08e6ed07477c26ce5fc2403bce5d86d84f1232fc25bd57935a8ccd80067ab8,52.39519114440264,0.9973094314900507
16,145,5242211.png,1,1d7ac4f29fc7225b12aeae1aed8647da492faadc2d57e3d4846d3d9f5fbc124f,52.414961119642925,0.99733344036193
16,146,5242439.png,0,c652b1e15200ff72798a7c19cb61d80375ff84080ae6298bcbe069bb92c2948e,56.62609412472225,0.9997792138610976
16,147,5242439.png,1,160d26ea4b92c029eb837e40e98cfa89ecd24e4c3579f36121aabc145d9065da,56.67759652299931,0.9997913168885243
16,148,5242449.png,0,586491ec911c85596d5564efc7e325baa40cec4d93b5f40759813fe3306658cd,52.824189994205085,0.9980216030760541
16,149,5242449.png,1,f1507acaac54fd96ee8c1b14cf40c78375a8df21f6ac99eb787930200f22c484,52.805921592391456,0.998009659656589
16,150,5242569.png,0,cdb0787b1b55d6c1b09a58f8b2df5f06694ec44a997cf83c7726cd00bdfa182d,52.683189488514365,0.997524910244347
16,151,5242569.png,1,8b9da8f436d5c3ea4f3a749b774f9324b05081ea234c1b56074335228946c65c,52.68490689891336,0.9975253345796203
16,152,5242707.png,0,11558b3eb41d6f2882d31d81684859edd42126b7cd1607b1340bbf49bcea8cab,61.451773983007214,0.9996413949920275
16,153,5242707.png,1,47c50ffed2f3ba40d02995babe78bedfe2928894781247b39ccd180f81a86cd9,61.74524993206904,0.9996984649892943
16,154,5242770.png,0,7480889ba33434d991ae966c4442b4cc3fc74cae9d710cddb1aed43938e93ab2,64.60473934004587,0.9999041112114769
16,155,5242770.png,1,8def8aca15647a49615282b804ec11ef0247887cc3abff3953c72061d5bf55ed,64.79290083387471,0.9999082399935787
16,156,5242837.png,0,4f34acf9bdd8c96e4a5ec91dab040f4c53c505cf0d824e462bd07702d2554949,52.203812191162775,0.9982422296239387
16,157,5242837.png,1,85a49f50d81d325fee27e0f6b37dd1d49a2c769415e64aeceb884cfd4fb082a8,52.213542567615896,0.9982424107244214
16,158,5242841.png,0,d08a605259eb9169862365e084300e174a034f5541304f26ecb90a4ba744a954,52.96459112570463,0.9985586692596163
16,159,5242841.png,1,ed8fda2930dec36463466a1a45b5d45144e257849d28959000423a9883dcd172,52.96312912346879,0.9985597820477786
16,160,5242881.png,0,b434c4517479da82add8a7761bce07b740b936002f00aea145d4a0317c55aae7,58.01002429631407,0.9996116799860544
16,161,5242881.png,1,870ca59d156fed227b9e660a1dc4c65d0955d69e57c1aaec583ea131112131c9,57.95701630388939,0.9996076527548036
16,162,5243335.png,0,2308ff7d21ddf0408bf6496d207ddadba1a6495181d7d04d5fc4c22b09859861,54.110094698312786,0.9990678245008694
16,163,5243335.png,1,f3573201137e2e75fc65fac51ed4c951b49dd83ee8968a7f4c56623321fa4473,54.07804925227932,0.9990564297113105
16,164,5243336.png,0,d403db1e9d97855c7b6599d92565805af2e121ff93dd2183c5242f7bb87b54a8,53.6004929304186,0.9992246682251481
16,165,5243336.png,1,e0d696c1fcc4b5b226b71bb1e4a01165f0a2fc72f27223f473b7ea233735c04a,53.59891714058659,0.9992163037812037
16,166,5243340.png,0,e35470e4b03712a71d5e672470f07793c98a652fe374a8e146ee4593da09cd14,55.31435953197374,0.9992611980448358
16,167,5243340.png,1,1cbf8d9a9929b6fb74f34a04634219af7c33bafbb4859a2e7fd710c446bf398c,55.24911032874721,0.9992378818833627
16,168,5243341.png,0,e3226fe35c55b7bb0288f6ca010b96e513886f6555ac3e20e5e7f1a1441f5f2b,55.605307881943716,0.9992382815859343
16,169,5243341.png,1,8ac054b6b4d258b5f35e3bab73be23acfef129b76ed1318d8df92739dd9d8dc2,55.59269929875175,0.9992371485844501
16,170,5243507.png,0,bd5f75a6500730a8734b291146b7e6b880de3db48cf11823ecee20cbf6be4dc9,53.33032210775622,0.9990173125204748
16,171,5243507.png,1,eeb14c0cc70d292b9b2e8cdb1f412c85004695665404bcd9e67456f03cffe49e,53.31524559192805,0.9990195508637695
16,172,5243623.png,0,04aeadc7b8dfb8388eb6bcf1a414d36dd45ebb73aadbc16b550ce54ff505f6a4,56.2781216011446,0.9995632388304166
16,173,5243623.png,1,4eaf8de49663c261fd03615a39412071dfac42f6160ea1263b0dd92dbc3f79af,56.30349977315737,0.9995589481461282
16,174,5243630.png,0,8c6dc456942a81d01edb8e694a13e0aaa2ba2581a5c14c9d72d523663e2632c1,57.08719823357989,0.9994772035012298
16,175,5243630.png,1,f0a6ac74d84e4fe27b773494d524df1284ad6d82a09585ed12e6e7f2a7bfcb73,57.06865101990128,0.9994955079522211
16,176,5243659.png,0,1ff30bc271fbabbcde5f457aaae993ff2760f7beb65205ab4080a8327dd7b023,52.91047356553278,0.9988547273604719
16,177,5243659.png,1,a1e6e5f0ff24972a5f187da0670d377732418bf947f2ceae7f10e91599e3ed46,52.93200637026379,0.998871341137427
16,178,5243661.png,0,cbfab41a841a96c6fa05a37552704376bcb7038ed736396f5c0c135a7ab60b46,52.06482431878139,0.9988654449236966
16,179,5243661.png,1,31565563fcae70c445c342cd84d1ced1ec9fa7e12d2cfd819416e889eecd81ba,52.094697069669884,0.998894178161892
16,180,5243786.png,0,fc953cd46ba58b5b3578fe3d9b0d1dc2879ebfbffa43f56916d7d8a4c3963a14,54.64402555832522,0.9988536169206593
16,181,5243786.png,1,4a5d5f1b497ebe6483a178081e5e174924d48f3bd64b2f3dcdcfcd387ceaa4d5,54.609817904360405,0.9988278367922886
16,182,5243979.png,0,923bf9e943866e17759d889a5e3eff852ed07c156c523e3c91b03bac0b5e0346,54.08265620640001,0.9985399265023994
16,183,5243979.png,1,a9a75b64ec04dd72ff4cca4a7398cf72f53e6e69b02b6d3111e47579bfb21759,54.04858930304884,0.9985321856602889
16,184,5243980.png,0,469350c10f145c72ae07370d9da9531442fca3702e05af5958f5cfb510ae3c2b,56.981193725183665,0.9995052024395443
16,185,5243980.png,1,919e78586bb34227097f9c1cfb5acf3e251d5e00e3fda51861d2866aba1ba631,56.98127848624381,0.9995115236762157
16,186,5243987.png,0,7b0b86bfe9dbf69b035173f798b6a24d8773509cf1b868341289a24309a3d702,56.245300056279916,0.9994501624862805
16,187,5243987.png,1,20482c37ec86c7504257b1ed85091a914114db73d5eaf45481c0b158c40dff06,56.226274019180096,0.9994514192545151
16,188,5244225.png,0,ad373ecf2b4775c3e7805f3d56fffc37d335d51750ba9011475cb6d5bab1f4b0,53.92253284892921,0.9982394666258397
16,189,5244225.png,1,b709b5e1f6b30218b9df19f9d9e363d299461c5ade9b1cce8b74410f2d4a30f5,53.90198238417213,0.9982170723360237
16,190,5244243.png,0,ae5557a72c3fcf790ce405d4c7034b83149eb1943b43cf22803671f77218324f,58.99195289608316,0.9997703918066788
16,191,5244243.png,1,e35898da08079b5150228184f64e336f43db760740d512674a97138287409a34,58.9809240429848,0.9997572751500071
16,192,5244420.png,0,a5957080b055275414938f0762ac81c983a5cc4bbf6e7b2ae3e069122d5450cf,53.563235991280884,0.9989844363424724
16,193,5244420.png,1,26ba1b2d328c4de528ebb6f867d840daeff5c6d7a598cf8ba9b4d0fc1797778b,53.56551298705711,0.9989806170685734
16,194,5244484.png,0,514e64d4a0c9e78851bb4fc0b14bfe21c73489cdbb30232a059dd8e0fb3b9079,59.01626124237211,0.9997390258670897
16,195,5244484.png,1,5e5c84bcac984a9e0cecf3b85202901b2a5db2751ca47723209d20b69481d51f,59.19344170182921,0.9997565625032356
16,196,5244485.png,0,dcc8353b5a696bcf5c05fe7122d70432997576466e27e0dea35eaea5b6557963,53.01857463941676,0.9979840029298779
16,197,5244485.png,1,71b6d996332a70f136e2effe9200fa3288897fdf7140b734065369d0f0a91e7d,53.01287745661686,0.9979676695000409
16,198,5244492.png,0,62b90f722fec5ce864a87b34bd50e3211905b78394be8a24a4bc93c1b320574d,56.65949522441054,0.9995236181047972
16,199,5244492.png,1,64d5c0f0fec815d965a4871925c01f862922b1b682929853040ad379080a7053,56.659298457320865,0.9995118568177507
24,0,5233540.png,0,bad6366e8f83df4d68b7418183787a2527d66929e81f8a968f5357607d8890cd,61.64165045971133,0.9997341525423705
24,1,5233540.png,1,d67d3e800bfbc2b70221bd798f679a95f90eee7295f55b6a24e47f21ded45f55,62.23332461216657,0.9997761267517496
24,2,5233654.png,0,b0d9826d06721939096f6dea3e61f2b55902fea04d3eb3a260495ceb8f127fc5,55.65389430868903,0.9991895489268027
24,3,5233654.png,1,57136fba8284d589b716664175e5165e5d38b77b6d73d40d0f85e327f1b455e6,55.596240801695316,0.9991669634155711
24,4,5233837.png,0,bb569bfd73c3e6ee2d84cc970f4ff5c882cf5612c49bc2a371224af1bb819ce9,55.00986026157263,0.9987394844244012
24,5,5233837.png,1,47e11f6d892502097da7c1f1b2501b0885a6556d80cfb8884c65e9ecebffbf22,55.09760225129477,0.998805639093003
24,6,5233987.png,0,5de5e59c62e96c80f3ab33967f5e386a8844879a984061f2f9a3a9f6571c441c,51.724584037144446,0.9973424846607091
24,7,5233987.png,1,562ad2f2109cae3619543092025635e1e62165029cd1d988637f4f895bf445be,51.78011785599564,0.9974047975367358
24,8,5233992.png,0,eb9e572d2bbbfe7774b6733206b3a62fbee85473a19531b2c3065bfc327d639f,52.29740964466072,0.9981400097713865
24,9,5233992.png,1,6334e0585d4527ba31e4cb2387bf040a7d95da486545bd4fb064b50c4da92f11,52.28181293629383,0.9981169900183583
24,10,5233997.png,0,3d21315e3a262473d99866ce2b403f5cb7cbd121aced9e0d45ab436e4eb44ae1,52.46315086795943,0.9980205061770286
24,11,5233997.png,1,856c00c660e07dd3261494490bf5e0ea19fe0fd757b50c67cab357a3be12b162,52.51024613244596,0.9981012116638598
24,12,5234033.png,0,c47d135ea75bfce02c57f551080bada0deb20335f9f7f9acd88a66e2cb92fd6e,53.822520618655325,0.9988240999051122
24,13,5234033.png,1,a9b4a7244b9eb4a3b7ff880e398b7899f9be3b42c51ef2efa7de8a6271a5ec75,53.725440606339674,0.99875982668614
24,14,5234037.png,0,52dd3a51cd82923d422e7d9cf8228a2408d2f3081eb5b7907a4b96cbf4f1736a,54.83424500624008,0.9989485306439168
24,15,5234037.png,1,ec3b3a162cb55298a0748ce072d60af383b06f6caef79c2a85b8ef3850ab739e,54.7343281841593,0.9988965571664746
24,16,5234084.png,0,52eab2067cd8aac83f6f9190cd91e1e8e84c6c4941c380a8a7865d79d265d84f,57.13378410546274,0.999303376558229
24,17,5234084.png,1,ef03b0755ff2406f5349ffdcb61648049d41ec04d1e18d52bc8970b377ce233f,57.09445665097357,0.999299462993234
24,18,5234162.png,0,1031e9c762cce5b22d17a94a0b71154c085314df4140707eafb6fe33a0127ff1,54.125855159388514,0.998485075725788
24,19,5234162.png,1,631a7ba0a6bc92cc280a958afb02376cc57fcedb92d3b199977fa6ff3f9da379,54.091732283451876,0.9984458469620382
24,20,5234215.png,0,5027e7d734951cca4a78d5f782c0e46a1177c584161e936e0a49a3fa2f560684,55.241437881837435,0.9994806561062419
24,21,5234215.png,1,96d42af75d4630341392893b7c991c6c3603ec84d82dff5a215f28efeb1138d9,55.27369643747923,0.9994744822842335
24,22,5234269.png,0,395c5bbb903ea600104109c8d07b5741213a6263ae128c5cf4c12ef152832960,57.24916864194148,0.9996217484301099
24,23,5234269.png,1,240e85a318bbb21ef61df6b29067417b5580328ed60429b547bc378548388108,57.35350414970802,0.9996500622177437
24,24,5234270.png,0,2af8f5c434c8164ec62f107ad7959fe0e34858e7a0ac66e27997cfde25961d6e,54.873168663211544,0.9995057716575396
24,25,5234270.png,1,a8b27f29fe3a45c4455b90a0ceec637986b6bc2fce9c9264f7aef4be3c30436c,54.83039500359004,0.9994847621219488
24,26,5234273.png,0,6f70ce33d61a0e22d0f7524525c6741a03b3fb7f674a530b1c2e9ca87a588557,56.71056133839688,0.999564820477785
24,27,5234273.png,1,6559cb22ad82d0a4a3b71e5ba1777e187d35959f2d0c2526c0b80dc13e560f5c,56.81184007539281,0.999585459961566
24,28,5234277.png,0,34fce9703cd5f6a01091bb5f9f4cc1f7480ebc467bf66971f05936091f414692,57.02570830358633,0.9995426346329875
24,29,5234277.png,1,ef454f8b5c1fa9c1332daf30a4028a186d8bda3c58495ddc6c2f55937bff98af,57.144507865524474,0.9995868502633435
24,30,5234313.png,0,27dfba357383295b28718e4953d603bc21fcdbfcbaddef5689340cbb1cc76d1d,57.68504046914736,0.9994724444355335
24,31,5234313.png,1,990d7fc0aba5120fdcd3ee0f57955dd6c134f4baa7a5511618d264062329c81b,57.84095324285281,0.9995177112459475
24,32,5234366.png,0,9457c8bff17f7d8f6d8c46a5596b4f51c82a8d83208e82593f0d7ee115ebab79,60.07052692110279,0.9996206143855121
24,33,5234366.png,1,b8b69aa977e0b5312ccc850be78cc433d7bc2a1eec5b248e68f13d4c1edc3427,60.2396796603994,0.9996447171834135
24,34,5234368.png,0,f3b58a2cfa56ddb41db2c25ffb593c7a315ae15a6de73c4dfa5cb2b0e8f5727f,55.7443690258469,0.9996250514094598
24,35,5234368.png,1,447d07d94a8ace917e6330943bc6a0ea0af48786a64e0ba3d1840da7821ec895,55.68711418452801,0.9995774482650575
24,36,5234369.png,0,946378672bde909bd113743a71b46727d6b63e0086834f7f73305573fcc3cc89,56.43984138109555,0.999615305238192
24,37,5234369.png,1,40949fcec71509578930a1565ec61eae2d1d51fb2df9aca65c77fe80d89999e5,56.367049783446106,0.9995870740860839
24,38,5234370.png,0,431823646792ea801a7c83efd429fa3bfade45661586a1c95c8ee5e74308bb88,57.936689976526935,0.9997101691483575
24,39,5234370.png,1,96aecb1b0e35c4ce8af32036b5ea3846d5327178c3eaffbd56a577a7024b70c6,57.812736488654906,0.9996772346834916
24,40,5234371.png,0,db16897b4aa7b8a8a4fd05985d094d978b24c8da0b792598dfaa57f3a2c0b8e9,58.72411091055274,0.9996584179420456
24,41,5234371.png,1,c66ff019326b7cca3b8e7bb6b55065311017cc1ffd03dbcfc647191a467f987e,58.8707737503353,0.9996972620901058
24,42,5234372.png,0,3d5143201c8903d1b63038ee680d8e7d78a6898300ad12f0732574e65d5741ca,58.615576966067955,0.9996326733172292
24,43,5234372.png,1,d1b1216edb6a1ad65b3c97f7d6100371643614aa0da9c32b07706bd1b4dffa0a,58.596908469697226,0.9996290094875153
24,44,5234373.png,0,91940efdb8e50dda66ad5af343fc6e5bce8fcc1f371e77170e1fd49f6fb0817c,60.49805267820098,0.9996951015920043
24,45,5234373.png,1,624dc1a50a80bb7ff86bf4cddd9a65ed97c2869d2b965b9d35cdebf0b7dd531b,60.19015458833628,0.9996394986321656
24,46,5234374.png,0,f7d3b999f5b1593a618fb060849a474e5d29acbdabbe3d7c5a64885457e1e63f,60.76486760854521,0.9996300993854196
24,47,5234374.png,1,31ac56b53eff50b8af32a21b7594bb14d3a2be94f9088ce8f4f4057e9ccb3a53,61.138851034890756,0.9996937597607197
24,48,5234375.png,0,ad7a47636c91f6d9441da593bd2f47fa66a541e07ac1949689fc3d722ceb9109,53.13023844088053,0.9993657583469234
24,49,5234375.png,1,a199420e71da194996031a89ac2677baea331344f7226d130c846e51a47f116f,53.183222406468865,0.9993906543884535
24,50,5235108.png,0,dc847af0a17d34357728b33daca031fb5beffce01422bac56bc8a494026a2f4b,54.02883070707054,0.9983199831666049
24,51,5235108.png,1,f7b3b2d0a70b247c78f5b2d14bb8708bb0171a33651dcb092856e3d6bcaa7b1c,53.95834620756703,0.9982790747494438
24,52,5235401.png,0,4150a45e8c19f4e70827f10b3ec878a432402d2166385b0d03eba34733220f52,59.09718207817551,0.9997749573104816
24,53,5235401.png,1,32042fb87d42fcb6a5b963b720555bd63999675f862619d6ac84b33882d91bb6,58.94180989550341,0.9997093541260397
24,54,5235405.png,0,7dd67fe191d2a4edf713500af45096f1c315f456e561257597850a075e7c2d39,56.48478208959641,0.9995835295581544
24,55,5235405.png,1,f00f377ce316883061272ea6cd1b370b1dc7a4b6f39ec66cbd684f811f302f96,56.372682537517925,0.9995414730862224
24,56,5235420.png,0,8a35c1e8e1c8a3f726ebe79a3d61d273a8e381029cab29a3233f4783ae5fef0a,55.55786970639509,0.9994084284716446
24,57,5235420.png,1,031247de08494eff491a20f2924f8c80d98d498231dcd98cfd3f48b9f9c587da,55.5591219136337,0.9993946245649244
24,58,5235474.png,0,6eb9462e6101a63767a8f2ea9eb41d6e0cba4f6c610ff2ce2851614e687f6c60,55.77113250819266,0.9991724618230062
24,59,5235474.png,1,e982dd16344d839aef885b2e5098704e829a733a886143c3e992ccf67b3ffb7d,55.69719296560996,0.9991075799308028
24,60,5236242.png,0,3c4ae95b5e8046bc242dc9f64b7a816c2902c5018efa14274976ce1dca8d3661,53.46404228865802,0.9986979288270744
24,61,5236242.png,1,55fe853bea1005277c5e21b370a53cf77f474e7458f441bef7d63d8f6455375a,53.51794499666747,0.998727059191141
24,62,5236261.png,0,8e694dcf543849fdf63e81bc4778186c0abb178b315f728ab82883ed64fff6dc,53.128353073011105,0.9985217426709846
24,63,5236261.png,1,a89f61e169e91da083648a228d3e149475db75e05d935ea5151283c13cd66a2a,53.123800143547506,0.998538407241106
24,64,5236424.png,0,3aa9b58e9d7feb21bfec8d2c621e903db8ffd9dfde7f9cdf0687e351c46f3d74,56.82621110214939,0.999656182295432
24,65,5236424.png,1,c1796d89164ec77fde28067e8b11ca365323a00062ec501e1cce7bfcd12ec313,56.714545143491186,0.9996347342839549
24,66,5236602.png,0,51fed358940ce5971e1908516007a37b1ba1c2e23d574da0e0f72ffaad062c22,52.08489964242483,0.9972408735060112
24,67,5236602.png,1,6368d68729754069714488eb929c5200226d9d569b4a7f724de343cd3b2b8b62,52.06509757425116,0.9972144834857168
24,68,5237268.png,0,0bda64e37d6ab586a57591ab7b47963e6f18d3fc2591b94631873abdd0694136,57.73985615903448,0.9995103579416922
24,69,5237268.png,1,c326409afc885a947df984d48437d7ae4e76cdcfaf251f1dc51642cde3009775,57.80053863708404,0.9995428909421974
24,70,5237579.png,0,5b2c973956706f249b209d8fb67d76c4082ffb0b2ba184a6d51721fa34b98f8c,54.867486260844274,0.998779066729181
24,71,5237579.png,1,504120a2b90911eccd45721c5c9f3cac59e2ee0655fc2537250057fc1d88fa0f,54.82466508144623,0.9987498922626776
24,72,5237580.png,0,b5b5347f510052a2e11a8b3654f67cac29331891b1f14d51db7636f234470d45,54.85061326600189,0.9990029638736582
24,73,5237580.png,1,bf02af43e7982e510796f24804f1efc059a89f554e3e71ae77be8a4375b32bc4,54.90865589216898,0.9990321278967418
24,74,5237785.png,0,518c1a6c576a712c30b719bf7cf0f27cbb9e3dbe52b701ac2d51270a7ef8240a,51.93125963973306,0.9986774305280308
24,75,5237785.png,1,0aae0040f89f1cb23ef603900d9bbb3f12a76a81a5b3e7d1486645b936a189f1,51.92974956624373,0.9986911942811454
24,76,5238012.png,0,786dae259742205b9944a576a74584985d7070a3bfe11847fc7c1c7e795f3ded,55.704704255747856,0.9987055829106589
24,77,5238012.png,1,c40d4e5c766c30727533846a0898cc2a19f20abbe0d0ff6f25b863eaa3403fdf,55.75311216363458,0.9987105147587982
24,78,5238389.png,0,9de049c3fa0e2b8d9a4a2ec0b2a7756cd505017b3f4baa3e22d93bee8df138e5,57.31507360659877,0.999509341976562
24,79,5238389.png,1,e9d5686d0b7ce53e408931c1d2c992023ce6f33ebdc132f2488a9659aeffc289,57.285335727753775,0.9994991895881734
24,80,5238543.png,0,d09e31c5184aa0fbf4c4af134dad10781419720c7e2723d00c6715a0d961662e,59.255313826872005,0.9996754440917254
24,81,5238543.png,1,4bf1b979f4098fdcd6cdb170149b6552dd947f64f37a3d9dd67902a96961c93b,59.09814798962032,0.99964692402484
24,82,5238560.png,0,0b08588bd07bfd8f73fc9f6a97e9da5317e7f8ba87cf5e9730c1f76a0f3e62f3,59.30156209676272,0.9997051692242724
24,83,5238560.png,1,7b05d94f8a927e7d3ec83f338f05acad0725b6ad6723c7e63764c5928b2037c7,59.290152101982244,0.9997188472767254
24,84,5238565.png,0,d73299c30a9e3f93e2e06bdbbf470b8ee1e64044bde0ae7d2a51dfcb2ce06078,59.99878918611621,0.9997068425926062
24,85,5238565.png,1,6cd2bc257755d20c4a02dc34b417c3babe3810147e1705b63a1ec39555140e70,59.79139432613384,0.9996693923405578
24,86,5238645.png,0,141755f430500cc17f28b091815d3339b6c391fa43253757ba0d8ca90ac1abbf,53.93233006549047,0.9985776622497919
24,87,5238645.png,1,f08d2fe70ea49f67131056ac9901d74946f4075c5c04449c590042a7fa4b3794,53.92974749754118,0.9985742936274106
24,88,5239367.png,0,e0395f217ff14f5ce7419e2800b7223444c0020aa6a3808be0b4c4bd0f242c54,55.388585276728044,0.9993373116965348
24,89,5239367.png,1,9558bca4ea743ab9eabc22c0b91dc19f123e7253c4ec99c65e155b9948cc2a85,55.42346950259994,0.9993457841747628
24,90,5239482.png,0,affc1c93f48954c399b74b687e6b01cbee50922caadb04d02d389f210926a624,50.69530055683569,0.9979991781798508
24,91,5239482.png,1,028bf4243be6d8ba8a17a97c659df55061cbe61e82d783df656532ea84edb0a6,50.69529058965501,0.9979944485160278
24,92,5240190.png,0,01b08df0584c8872d4746af0f5ade5464aebe8a544d76e673c6812e1285a8505,60.81457631032961,0.9997151881404012
24,93,5240190.png,1,c2b25b8b4cade6b434fe7d7e23777ce3715921a646eae856e4f593e645d612e9,60.76638709476481,0.999715056759631
24,94,5240191.png,0,21a44f231dacd81fb855c9ad63ede885580dd7165e4992a864f53ea869014c84,58.419758517400936,0.999506966280563
24,95,5240191.png,1,55852ab328461a27f5186c29fc10e74edf5b3810a40d7563764e0641f67832fc,58.448716919901884,0.9995081012150386
24,96,5240193.png,0,cc0ff8c5c7cb14d366cc35533ff6d1f33986af6a1f08ae66711757e2eaf3cfbd,57.33843158714162,0.9996201538970814
24,97,5240193.png,1,e89204c1059f4ca3109dbe12d4ab2340b082525209de0b40fd5298e597286562,57.35904851228412,0.9996308501937886
24,98,5240194.png,0,74a41bbf27f1b7bab70d6e05c7a170558047eebe24416ffc39fc43f8f4972a9c,55.94868346161856,0.999523313018066
24,99,5240194.png,1,47d6d2c9150e23e94e6d42a6e27deac5983f11f881856cb5dc760b05b502664e,55.930811098276514,0.9995151308266133
24,100,5240249.png,0,e25ded4bd48dfc1764909c7404e6d977a48d9824c10c5c71c5564d4b37898202,53.08763397559723,0.9994047490817805
24,101,5240249.png,1,1718655074ffa543f86bc49ec896f3f64d12b752902b087c3489e3650bc22027,53.05677667164449,0.9994064175024292
24,102,5240524.png,0,fdfa0228150c92959ec771390cafad9aeb09a82ff45bebaa40bc9c1524367f65,52.14790218631684,0.9985185955434472
24,103,5240524.png,1,f1d123e9f0af6fe2097dc3234793babea80f0e6365ca4bf363f0fe0defb57b95,52.16684129128857,0.9985582173058254
24,104,5240611.png,0,9b49f067a3d56e657da8910037b82cb6ca3cdabe9bcc96e485624e59dc778e9b,53.84932742012218,0.9987937687937992
24,105,5240611.png,1,1f6d6b9d2a619c3069378a54f239601c599ef7a5aec84a5ada6fc78d916e4c54,53.945329188379134,0.9988538580274349
24,106,5240617.png,0,a74139b781a1aea4ea00e82959d30397093216db22a69a8a2ecbbeeb1173bc2b,52.03415162914129,0.9979372367658016
24,107,5240617.png,1,12c7e9a7ff55c096ac5b9fd73a986ee126ac970233f3d5ff095f181da1348e6f,52.06378610476878,0.9980005933913331
24,108,5240619.png,0,61b0780be73ad8aaef46eeae9ef9b7ef40a209c1657693e890623d844ea9e7c5,53.46381602388963,0.9988761026250149
24,109,5240619.png,1,e85bc4f26b54089f69dcd9ee10bdc51514ef7b0587b618b4ad2dfe79d8c9ac70,53.56136511719231,0.9988959595691024
24,110,5240621.png,0,9472445fdbd09fff810476275d6bad57da24b50e0131586887c02607033903f0,51.98453963310464,0.9980257558444602
24,111,5240621.png,1,7a080ce1f538e23578715a8140aa88698bf53b267c3ff48d495a4c49fbde2825,52.030625850976776,0.998063000478342
24,112,5240623.png,0,ebaec03b948bbc9d14de838d492a47ef44f80b1d395be3a4e8f7038c22d308a0,52.026209108244586,0.9968453562411727
24,113,5240623.png,1,cf4c610aa6b71bef65c6b36213313a81387a69063787fdfd4e76e708d238412a,52.03711006626623,0.9968396944474597
24,114,5240926.png,0,58b7ba7a09f3005f69feb8da79df0fff73fd2ec4ded900cbf4ab27baef76e73b,53.842347889922635,0.9984430287443232
24,115,5240926.png,1,415b6fd297cb5374ec30b22ad338345dab3c42404971217d15df7f4480924589,53.7478469433675,0.9983883985501864
24,116,5240927.png,0,90fdcde89de557ae3b911899c87c64bdd0888cea1eff177a135a328ae2b55457,58.04356030004292,0.9996449411701424
24,117,5240927.png,1,9b066cf70bfe841b51caf76dc1013f50b96e2492b5069fc2b76501838b623587,58.21107360802834,0.999664842030739
24,118,5241053.png,0,271337a182703bf1dc9fe054b9222e676ecb0493e743bb4811283073a1d2acd5,55.836833863671615,0.9993295778242711
24,119,5241053.png,1,94c8a90ba0cc8d001cb74b0efd2897900aff00aaa04e3725f0f3a5b391395a1d,55.822854241074296,0.999336134957256
24,120,5241288.png,0,304f50e70410882f2bdba0562043ca7552657df107fc932b0d5fed12cde4d8fd,52.82798320817292,0.9974070818069497
24,121,5241288.png,1,d644ded4b1730bbf43df5578b9e45ec2f15f5673c845e32b99e463901d9b6fcb,52.81870952651339,0.9973990337471846
24,122,5241386.png,0,f6e749612ac2d4f01d172196ea306d1308336a4ef33e4987316e0273fe3fbd63,58.34468509691129,0.9996172224074654
24,123,5241386.png,1,dc6736b875c069745ef646def1adee64bd91383567adce76856cfcfe6dfb435d,58.38776831166915,0.9996372545785861
24,124,5241388.png,0,ef4def5a820756c0f782ec3e8d9261ccec2d5372df5c01cae6af46eb9885ab6a,62.686672285216034,0.9997749694772017
24,125,5241388.png,1,3deb930348c1c965d366678d6b542e2f1dc392c13d4c80ca88372f14e97c3ecb,62.168058337325185,0.9997114449779968
24,126,5241391.png,0,9616817dbb1efdc713c72c41426c990401e897b2a81f7a13f081db775fb639e2,59.584491865663665,0.9997175381391973
24,127,5241391.png,1,d2bb4fce93687e3d36c7b47fb4169f4189f3d503e45bf8df2dd48bf00a3b5db2,59.38486170349079,0.9996865528551678
24,128,5241396.png,0,51f36b3d7bb522c50cadb9e9008ed8727ac7f97f7a99bd4553b7dc1d88e716d5,59.450665156604,0.9995900174714646
24,129,5241396.png,1,f875076b9cc9504b3309efb73bcded35d5d63d07cf522aff0748b6df6ee565d0,59.182452605721245,0.9995192923359472
24,130,5241436.png,0,69e139572807904d19697524959191547a273a805246fe4a8ba58d842e48f798,58.0990669947096,0.9994278541335874
24,131,5241436.png,1,e4872330d24393e5e250c2029b2c66ca61284956b5789382c702ae1835c75258,57.872943800315184,0.9993875739651511
24,132,5241438.png,0,c5aaff5f3b6aefb0f7c9973b259b0518a2e251d10ca83d1088c0877ce303b8a9,57.84627728515706,0.9993572242914679
24,133,5241438.png,1,ec0510cc08b4ca81b584cd4bd541a0a85e40081339c9385d19b1a980d5fa3ab5,57.908895708616505,0.9993826128324853
24,134,5241441.png,0,8e759ddea5e488b5504c615978a70da2cee8194cffea0f1db27b263ab0b9fbc6,57.450528539455156,0.9996686371153936
24,135,5241441.png,1,5ead2534932452019f0aaef1006ff3df7da9c51ec6240980e5a971b2650c177c,57.47572074909047,0.9996724077108131
24,136,5241460.png,0,ced1abfadb6fb5f41b28d0c830a3af2772bcbe4c788eb6fd6c380ac9cd6905c7,57.62186115274898,0.9994259721713284
24,137,5241460.png,1,c353f72679b99036036fd3d64f2648d988e234e492bb12b6e451a297d9b3d8ff,57.49657195140504,0.9993774753866541
24,138,5241706.png,0,7eb3f3174e78ee890eb8b4081b706f1eef3e2c9e64d3b2b238e0921533c4fe44,52.35790649713951,0.9986954899406503
24,139,5241706.png,1,4ba906775631fe577648a966ccbc5ad43162f22a5c1140372d2df4c18c9d6e71,52.30505577784295,0.9986847807913928
24,140,5241854.png,0,7adf48c4536623185092a60d7df53d0bc3d7009f13dadd9696bb865dd3facdf7,53.46775848820044,0.9990249060505197
24,141,5241854.png,1,dbacb23008cca7d9d623daea9d14a62e3e93d866cf9f88a9949661d2efcd6421,53.44256207222125,0.9990333491524778
24,142,5242008.png,0,a1dce052f557eba3d914448cfb3aab6cd8d8330f453436c41e948d12be78eb4a,55.069430811717545,0.9991101864984877
24,143,5242008.png,1,e190de8f34fbb9a0ee3c85cf3caa753859102666b7151bdcb6ed0e19112b1f38,55.14243846243627,0.9991661694373456
24,144,5242211.png,0,3f08e6ed07477c26ce5fc2403bce5d86d84f1232fc25bd57935a8ccd80067ab8,52.218281480899186,0.9971734638531852
24,145,5242211.png,1,1d7ac4f29fc7225b12aeae1aed8647da492faadc2d57e3d4846d3d9f5fbc124f,52.266672766101,0.9972280770705496
24,146,5242439.png,0,c652b1e15200ff72798a7c19cb61d80375ff84080ae6298bcbe069bb92c2948e,56.127427610751,0.9996824497016231
24,147,5242439.png,1,160d26ea4b92c029eb837e40e98cfa89ecd24e4c3579f36121aabc145d9065da,56.254934056909875,0.9997144364920865
24,148,5242449.png,0,586491ec911c85596d5564efc7e325baa40cec4d93b5f40759813fe3306658cd,52.643453864546046,0.997897779869476
24,149,5242449.png,1,f1507acaac54fd96ee8c1b14cf40c78375a8df21f6ac99eb787930200f22c484,52.60875253388264,0.9978792775353972
24,150,5242569.png,0,cdb0787b1b55d6c1b09a58f8b2df5f06694ec44a997cf83c7726cd00bdfa182d,52.50752215387925,0.9973745567276878
24,151,5242569.png,1,8b9da8f436d5c3ea4f3a749b774f9324b05081ea234c1b56074335228946c65c,52.51089711356305,0.9973959658255294
24,152,5242707.png,0,11558b3eb41d6f2882d31d81684859edd42126b7cd1607b1340bbf49bcea8cab,59.90264761115837,0.999362139298499
24,153,5242707.png,1,47c50ffed2f3ba40d02995babe78bedfe2928894781247b39ccd180f81a86cd9,60.336142090498996,0.9994844920296263
24,154,5242770.png,0,7480889ba33434d991ae966c4442b4cc3fc74cae9d710cddb1aed43938e93ab2,62.46059095046227,0.9998147626719391
24,155,5242770.png,1,8def8aca15647a49615282b804ec11ef0247887cc3abff3953c72061d5bf55ed,62.66261768474786,0.9998141804423853
24,156,5242837.png,0,4f34acf9bdd8c96e4a5ec91dab040f4c53c505cf0d824e462bd07702d2554949,52.00822279659831,0.9981279593727675
24,157,5242837.png,1,85a49f50d81d325fee27e0f6b37dd1d49a2c769415e64aeceb884cfd4fb082a8,52.02826788950973,0.9981408508101589
24,158,5242841.png,0,d08a605259eb9169862365e084300e174a034f5541304f26ecb90a4ba744a954,52.75612019958749,0.998441804360033
24,159,5242841.png,1,ed8fda2930dec36463466a1a45b5d45144e257849d28959000423a9883dcd172,52.75170100731547,0.9984332910523898
24,160,5242881.png,0,b434c4517479da82add8a7761bce07b740b936002f00aea145d4a0317c55aae7,57.47377403861339,0.9994630093305309
24,161,5242881.png,1,870ca59d156fed227b9e660a1dc4c65d0955d69e57c1aaec583ea131112131c9,57.45208697012599,0.9994543293187096
24,162,5243335.png,0,2308ff7d21ddf0408bf6496d207ddadba1a6495181d7d04d5fc4c22b09859861,53.81356035361959,0.9989866153153594
24,163,5243335.png,1,f3573201137e2e75fc65fac51ed4c951b49dd83ee8968a7f4c56623321fa4473,53.84483782156156,0.998981383003818
24,164,5243336.png,0,d403db1e9d97855c7b6599d92565805af2e121ff93dd2183c5242f7bb87b54a8,53.411061177487234,0.9991681140103669
24,165,5243336.png,1,e0d696c1fcc4b5b226b71bb1e4a01165f0a2fc72f27223f473b7ea233735c04a,53.365422884678594,0.9991452782671435
24,166,5243340.png,0,e35470e4b03712a71d5e672470f07793c98a652fe374a8e146ee4593da09cd14,55.03710492752086,0.9991541920986925
24,167,5243340.png,1,1cbf8d9a9929b6fb74f34a04634219af7c33bafbb4859a2e7fd710c446bf398c,54.94067203342987,0.9990999998256135
24,168,5243341.png,0,e3226fe35c55b7bb0288f6ca010b96e513886f6555ac3e20e5e7f1a1441f5f2b,55.22477575196774,0.9990969983941724
24,169,5243341.png,1,8ac054b6b4d258b5f35e3bab73be23acfef129b76ed1318d8df92739dd9d8dc2,55.19931130464223,0.9990849714066936
24,170,5243507.png,0,bd5f75a6500730a8734b291146b7e6b880de3db48cf11823ecee20cbf6be4dc9,53.162802573649934,0.9989272367990268
24,171,5243507.png,1,eeb14c0cc70d292b9b2e8cdb1f412c85004695665404bcd9e67456f03cffe49e,53.10122822907321,0.9989221645789943
24,172,5243623.png,0,04aeadc7b8dfb8388eb6bcf1a414d36dd45ebb73aadbc16b550ce54ff505f6a4,55.87033999256821,0.99943747928965
24,173,5243623.png,1,4eaf8de49663c261fd03615a39412071dfac42f6160ea1263b0dd92dbc3f79af,55.82532178652911,0.9994252671426488
24,174,5243630.png,0,8c6dc456942a81d01edb8e694a13e0aaa2ba2581a5c14c9d72d523663e2632c1,56.60315272530913,0.9993213974403657
24,175,5243630.png,1,f0a6ac74d84e4fe27b773494d524df1284ad6d82a09585ed12e6e7f2a7bfcb73,56.76634723944909,0.9993644410895112
24,176,5243659.png,0,1ff30bc271fbabbcde5f457aaae993ff2760f7beb65205ab4080a8327dd7b023,52.635656134075155,0.9986203332476952
24,177,5243659.png,1,a1e6e5f0ff24972a5f187da0670d377732418bf947f2ceae7f10e91599e3ed46,52.695336225928706,0.9986651135547179
24,178,5243661.png,0,cbfab41a841a96c6fa05a37552704376bcb7038ed736396f5c0c135a7ab60b46,51.92886231182766,0.9987388932517712
24,179,5243661.png,1,31565563fcae70c445c342cd84d1ced1ec9fa7e12d2cfd819416e889eecd81ba,51.9542403458808,0.9987721279465706
24,180,5243786.png,0,fc953cd46ba58b5b3578fe3d9b0d1dc2879ebfbffa43f56916d7d8a4c3963a14,54.39072182080321,0.9987658031464562
24,181,5243786.png,1,4a5d5f1b497ebe6483a178081e5e174924d48f3bd64b2f3dcdcfcd387ceaa4d5,54.314441187716724,0.9987059402764024
24,182,5243979.png,0,923bf9e943866e17759d889a5e3eff852ed07c156c523e3c91b03bac0b5e0346,53.848070688587825,0.9984278958193437
24,183,5243979.png,1,a9a75b64ec04dd72ff4cca4a7398cf72f53e6e69b02b6d3111e47579bfb21759,53.81306991402063,0.9984229857356023
24,184,5243980.png,0,469350c10f145c72ae07370d9da9531442fca3702e05af5958f5cfb510ae3c2b,56.5804864528,0.999389062487115
24,185,5243980.png,1,919e78586bb34227097f9c1cfb5acf3e251d5e00e3fda51861d2866aba1ba631,56.64370353747485,0.9994042156115895
24,186,5243987.png,0,7b0b86bfe9dbf69b035173f798b6a24d8773509cf1b868341289a24309a3d702,56.0059612857323,0.9993527136953952
24,187,5243987.png,1,20482c37ec86c7504257b1ed85091a914114db73d5eaf45481c0b158c40dff06,55.94103869366043,0.9993563553440382
24,188,5244225.png,0,ad373ecf2b4775c3e7805f3d56fffc37d335d51750ba9011475cb6d5bab1f4b0,53.704424544032506,0.9981292430038695
24,189,5244225.png,1,b709b5e1f6b30218b9df19f9d9e363d299461c5ade9b1cce8b74410f2d4a30f5,53.61454465822236,0.9980768551487618
24,190,5244243.png,0,ae5557a72c3fcf790ce405d4c7034b83149eb1943b43cf22803671f77218324f,58.546724482666676,0.9996719950875786
24,191,5244243.png,1,e35898da08079b5150228184f64e336f43db760740d512674a97138287409a34,58.43436163322983,0.9996407718177883
24,192,5244420.png,0,a5957080b055275414938f0762ac81c983a5cc4bbf6e7b2ae3e069122d5450cf,53.37884405410164,0.9989171917085663
24,193,5244420.png,1,26ba1b2d328c4de528ebb6f867d840daeff5c6d7a598cf8ba9b4d0fc1797778b,53.40638825103441,0.99891711159904
24,194,5244484.png,0,514e64d4a0c9e78851bb4fc0b14bfe21c73489cdbb30232a059dd8e0fb3b9079,58.288145818691405,0.9996104214319538
24,195,5244484.png,1,5e5c84bcac984a9e0cecf3b85202901b2a5db2751ca47723209d20b69481d51f,58.57397561730346,0.9996479516816569
24,196,5244485.png,0,dcc8353b5a696bcf5c05fe7122d70432997576466e27e0dea35eaea5b6557963,52.85644824300741,0.9978667755846171
24,197,5244485.png,1,71b6d996332a70f136e2effe9200fa3288897fdf7140b734065369d0f0a91e7d,52.84359790416549,0.9978288307184879
24,198,5244492.png,0,62b90f722fec5ce864a87b34bd50e3211905b78394be8a24a4bc93c1b320574d,56.15519533641682,0.9993532919044799
24,199,5244492.png,1,64d5c0f0fec815d965a4871925c01f862922b1b682929853040ad379080a7053,56.17877095383306,0.9993355962144864
32,0,5233540.png,0,bad6366e8f83df4d68b7418183787a2527d66929e81f8a968f5357607d8890cd,59.870792835411315,0.9995609996455629
32,1,5233540.png,1,d67d3e800bfbc2b70221bd798f679a95f90eee7295f55b6a24e47f21ded45f55,60.79372719175726,0.9996390027047758
32,2,5233654.png,0,b0d9826d06721939096f6dea3e61f2b55902fea04d3eb3a260495ceb8f127fc5,55.19380380381013,0.9990093686811923
32,3,5233654.png,1,57136fba8284d589b716664175e5165e5d38b77b6d73d40d0f85e327f1b455e6,55.19939565741766,0.9989831427545095
32,4,5233837.png,0,bb569bfd73c3e6ee2d84cc970f4ff5c882cf5612c49bc2a371224af1bb819ce9,54.643901847088536,0.998544990673771
32,5,5233837.png,1,47e11f6d892502097da7c1f1b2501b0885a6556d80cfb8884c65e9ecebffbf22,54.70836038041079,0.9986314831057012
32,6,5233987.png,0,5de5e59c62e96c80f3ab33967f5e386a8844879a984061f2f9a3a9f6571c441c,51.43221924007646,0.9970413685299354
32,7,5233987.png,1,562ad2f2109cae3619543092025635e1e62165029cd1d988637f4f895bf445be,51.51959165308163,0.9971518103831262
32,8,5233992.png,0,eb9e572d2bbbfe7774b6733206b3a62fbee85473a19531b2c3065bfc327d639f,52.12031858611389,0.9980072148550194
32,9,5233992.png,1,6334e0585d4527ba31e4cb2387bf040a7d95da486545bd4fb064b50c4da92f11,52.098426721064754,0.9979664882876246
32,10,5233997.png,0,3d21315e3a262473d99866ce2b403f5cb7cbd121aced9e0d45ab436e4eb44ae1,52.21741818914731,0.9978615563517396
32,11,5233997.png,1,856c00c660e07dd3261494490bf5e0ea19fe0fd757b50c67cab357a3be12b162,52.30483919264056,0.9979855403644069
32,12,5234033.png,0,c47d135ea75bfce02c57f551080bada0deb20335f9f7f9acd88a66e2cb92fd6e,53.56443223004867,0.9987028050356798
32,13,5234033.png,1,a9b4a7244b9eb4a3b7ff880e398b7899f9be3b42c51ef2efa7de8a6271a5ec75,53.45814440213331,0.9985917350319671
32,14,5234037.png,0,52dd3a51cd82923d422e7d9cf8228a2408d2f3081eb5b7907a4b96cbf4f1736a,54.45436937251938,0.9987858479051903
32,15,5234037.png,1,ec3b3a162cb55298a0748ce072d60af383b06f6caef79c2a85b8ef3850ab739e,54.29489926458377,0.998693205421381
32,16,5234084.png,0,52eab2067cd8aac83f6f9190cd91e1e8e84c6c4941c380a8a7865d79d265d84f,56.346788201198166,0.9990335571238645
32,17,5234084.png,1,ef03b0755ff2406f5349ffdcb61648049d41ec04d1e18d52bc8970b377ce233f,56.283026601793786,0.9990203369973946
32,18,5234162.png,0,1031e9c762cce5b22d17a94a0b71154c085314df4140707eafb6fe33a0127ff1,53.802763070106835,0.9983237160597177
32,19,5234162.png,1,631a7ba0a6bc92cc280a958afb02376cc57fcedb92d3b199977fa6ff3f9da379,53.68483872219908,0.998243211061047
32,20,5234215.png,0,5027e7d734951cca4a78d5f782c0e46a1177c584161e936e0a49a3fa2f560684,54.838486542479956,0.9994061519205147
32,21,5234215.png,1,96d42af75d4630341392893b7c991c6c3603ec84d82dff5a215f28efeb1138d9,54.800897099329234,0.9993918989025369
32,22,5234269.png,0,395c5bbb903ea600104109c8d07b5741213a6263ae128c5cf4c12ef152832960,56.67301477385209,0.9994219062257326
32,23,5234269.png,1,240e85a318bbb21ef61df6b29067417b5580328ed60429b547bc378548388108,56.741973013059976,0.9994617560452085
32,24,5234270.png,0,2af8f5c434c8164ec62f107ad7959fe0e34858e7a0ac66e27997cfde25961d6e,54.503317563755125,0.9993332895958026
32,25,5234270.png,1,a8b27f29fe3a45c4455b90a0ceec637986b6bc2fce9c9264f7aef4be3c30436c,54.45986785177439,0.9992962626552533
32,26,5234273.png,0,6f70ce33d61a0e22d0f7524525c6741a03b3fb7f674a530b1c2e9ca87a588557,56.15431942836237,0.9993895571716004
32,27,5234273.png,1,6559cb22ad82d0a4a3b71e5ba1777e187d35959f2d0c2526c0b80dc13e560f5c,56.306147346399015,0.9994290783461381
32,28,5234277.png,0,34fce9703cd5f6a01091bb5f9f4cc1f7480ebc467bf66971f05936091f414692,56.47172206734866,0.9993422669140258
32,29,5234277.png,1,ef454f8b5c1fa9c1332daf30a4028a186d8bda3c58495ddc6c2f55937bff98af,56.65666263807601,0.9994246702727153
32,30,5234313.png,0,27dfba357383295b28718e4953d603bc21fcdbfcbaddef5689340cbb1cc76d1d,56.90982197323443,0.9992186880960733
32,31,5234313.png,1,990d7fc0aba5120fdcd3ee0f57955dd6c134f4baa7a5511618d264062329c81b,57.09206481424233,0.9992956614309998
32,32,5234366.png,0,9457c8bff17f7d8f6d8c46a5596b4f51c82a8d83208e82593f0d7ee115ebab79,59.004292635652426,0.9994241354056589
32,33,5234366.png,1,b8b69aa977e0b5312ccc850be78cc433d7bc2a1eec5b248e68f13d4c1edc3427,59.34458204783518,0.9994694459028759
32,34,5234368.png,0,f3b58a2cfa56ddb41db2c25ffb593c7a315ae15a6de73c4dfa5cb2b0e8f5727f,55.37012159353885,0.9994785282010342
32,35,5234368.png,1,447d07d94a8ace917e6330943bc6a0ea0af48786a64e0ba3d1840da7821ec895,55.18479892515623,0.999384426082206
32,36,5234369.png,0,946378672bde909bd113743a71b46727d6b63e0086834f7f73305573fcc3cc89,56.01243264926979,0.9994729702393982
32,37,5234369.png,1,40949fcec71509578930a1565ec61eae2d1d51fb2df9aca65c77fe80d89999e5,55.995444734117505,0.999433670288751
32,38,5234370.png,0,431823646792ea801a7c83efd429fa3bfade45661586a1c95c8ee5e74308bb88,57.42717197551802,0.9995685786933323
32,39,5234370.png,1,96aecb1b0e35c4ce8af32036b5ea3846d5327178c3eaffbd56a577a7024b70c6,57.265834167497914,0.9995140189268436
32,40,5234371.png,0,db16897b4aa7b8a8a4fd05985d094d978b24c8da0b792598dfaa57f3a2c0b8e9,58.01991797077206,0.9994784278094099
32,41,5234371.png,1,c66ff019326b7cca3b8e7bb6b55065311017cc1ffd03dbcfc647191a467f987e,58.181193478174514,0.999538412138883
32,42,5234372.png,0,3d5143201c8903d1b63038ee680d8e7d78a6898300ad12f0732574e65d5741ca,57.93938409473127,0.9994390953660796
32,43,5234372.png,1,d1b1216edb6a1ad65b3c97f7d6100371643614aa0da9c32b07706bd1b4dffa0a,57.91493425041875,0.9994315726541774
32,44,5234373.png,0,91940efdb8e50dda66ad5af343fc6e5bce8fcc1f371e77170e1fd49f6fb0817c,59.60398433051685,0.9995423739258498
32,45,5234373.png,1,624dc1a50a80bb7ff86bf4cddd9a65ed97c2869d2b965b9d35cdebf0b7dd531b,59.22416103149164,0.9994472379295208
32,46,5234374.png,0,f7d3b999f5b1593a618fb060849a474e5d29acbdabbe3d7c5a64885457e1e63f,59.66566494315557,0.9994128492739104
32,47,5234374.png,1,31ac56b53eff50b8af32a21b7594bb14d3a2be94f9088ce8f4f4057e9ccb3a53,60.14830008733634,0.9995243131750834
32,48,5234375.png,0,ad7a47636c91f6d9441da593bd2f47fa66a541e07ac1949689fc3d722ceb9109,52.8353838080624,0.9991160228227068
32,49,5234375.png,1,a199420e71da194996031a89ac2677baea331344f7226d130c846e51a47f116f,52.90327543192649,0.9991561833231946
32,50,5235108.png,0,dc847af0a17d34357728b33daca031fb5beffce01422bac56bc8a494026a2f4b,53.65419614320502,0.9980937818520964
32,51,5235108.png,1,f7b3b2d0a70b247c78f5b2d14bb8708bb0171a33651dcb092856e3d6bcaa7b1c,53.594678963927564,0.9980334601622527
32,52,5235401.png,0,4150a45e8c19f4e70827f10b3ec878a432402d2166385b0d03eba34733220f52,58.51837515018245,0.9996649936856185
32,53,5235401.png,1,32042fb87d42fcb6a5b963b720555bd63999675f862619d6ac84b33882d91bb6,58.11075966164046,0.9995468352995096
32,54,5235405.png,0,7dd67fe191d2a4edf713500af45096f1c315f456e561257597850a075e7c2d39,56.05108832329493,0.9994444082499125
32,55,5235405.png,1,f00f377ce316883061272ea6cd1b370b1dc7a4b6f39ec66cbd684f811f302f96,55.88167606333385,0.9993736787975908
32,56,5235420.png,0,8a35c1e8e1c8a3f726ebe79a3d61d273a8e381029cab29a3233f4783ae5fef0a,55.196444284678165,0.9992560535581911
32,57,5235420.png,1,031247de08494eff491a20f2924f8c80d98d498231dcd98cfd3f48b9f9c587da,55.18208149417841,0.9992301629178283
32,58,5235474.png,0,6eb9462e6101a63767a8f2ea9eb41d6e0cba4f6c610ff2ce2851614e687f6c60,55.40188076652683,0.999031941655996
32,59,5235474.png,1,e982dd16344d839aef885b2e5098704e829a733a886143c3e992ccf67b3ffb7d,55.29908420180118,0.9989171040393053
32,60,5236242.png,0,3c4ae95b5e8046bc242dc9f64b7a816c2902c5018efa14274976ce1dca8d3661,53.145421009417944,0.9985718387014219
32,61,5236242.png,1,55fe853bea1005277c5e21b370a53cf77f474e7458f441bef7d63d8f6455375a,53.26547929785449,0.998634992431171
32,62,5236261.png,0,8e694dcf543849fdf63e81bc4778186c0abb178b315f728ab82883ed64fff6dc,52.9070886250281,0.9984049594337993
32,63,5236261.png,1,a89f61e169e91da083648a228d3e149475db75e05d935ea5151283c13cd66a2a,52.87361395776347,0.9984222420417784
32,64,5236424.png,0,3aa9b58e9d7feb21bfec8d2c621e903db8ffd9dfde7f9cdf0687e351c46f3d74,56.28082587957487,0.9995320442260516
32,65,5236424.png,1,c1796d89164ec77fde28067e8b11ca365323a00062ec501e1cce7bfcd12ec313,56.08909023487268,0.999497898446643
32,66,5236602.png,0,51fed358940ce5971e1908516007a37b1ba1c2e23d574da0e0f72ffaad062c22,51.85268216010486,0.9970933613274191
32,67,5236602.png,1,6368d68729754069714488eb929c5200226d9d569b4a7f724de343cd3b2b8b62,51.847532854292034,0.9970628298917391
32,68,5237268.png,0,0bda64e37d6ab586a57591ab7b47963e6f18d3fc2591b94631873abdd0694136,57.105955839608825,0.999336048418561
32,69,5237268.png,1,c326409afc885a947df984d48437d7ae4e76cdcfaf251f1dc51642cde3009775,57.32832038122623,0.9993981539090598
32,70,5237579.png,0,5b2c973956706f249b209d8fb67d76c4082ffb0b2ba184a6d51721fa34b98f8c,54.4918588207189,0.9986306343046647
32,71,5237579.png,1,504120a2b90911eccd45721c5c9f3cac59e2ee0655fc2537250057fc1d88fa0f,54.47678609210432,0.9985961610150662
32,72,5237580.png,0,b5b5347f510052a2e11a8b3654f67cac29331891b1f14d51db7636f234470d45,54.58014222049033,0.9988997063379634
32,73,5237580.png,1,bf02af43e7982e510796f24804f1efc059a89f554e3e71ae77be8a4375b32bc4,54.607486424918854,0.9989359269878548
32,74,5237785.png,0,518c1a6c576a712c30b719bf7cf0f27cbb9e3dbe52b701ac2d51270a7ef8240a,51.71818390279278,0.9984521476890286
32,75,5237785.png,1,0aae0040f89f1cb23ef603900d9bbb3f12a76a81a5b3e7d1486645b936a189f1,51.70789027554501,0.9984752656741104
32,76,5238012.png,0,786dae259742205b9944a576a74584985d7070a3bfe11847fc7c1c7e795f3ded,55.19706250146494,0.9984904566107152
32,77,5238012.png,1,c40d4e5c766c30727533846a0898cc2a19f20abbe0d0ff6f25b863eaa3403fdf,55.235451427693725,0.9984812249997631
32,78,5238389.png,0,9de049c3fa0e2b8d9a4a2ec0b2a7756cd505017b3f4baa3e22d93bee8df138e5,56.77943534379494,0.9993504119182779
32,79,5238389.png,1,e9d5686d0b7ce53e408931c1d2c992023ce6f33ebdc132f2488a9659aeffc289,56.67210689752384,0.9993243147151483
32,80,5238543.png,0,d09e31c5184aa0fbf4c4af134dad10781419720c7e2723d00c6715a0d961662e,58.489070052646,0.9995065423550252
32,81,5238543.png,1,4bf1b979f4098fdcd6cdb170149b6552dd947f64f37a3d9dd67902a96961c93b,58.30455336004576,0.9994591660952682
32,82,5238560.png,0,0b08588bd07bfd8f73fc9f6a97e9da5317e7f8ba87cf5e9730c1f76a0f3e62f3,58.55664190031636,0.999548989718536
32,83,5238560.png,1,7b05d94f8a927e7d3ec83f338f05acad0725b6ad6723c7e63764c5928b2037c7,58.7493169181258,0.9995906408356402
32,84,5238565.png,0,d73299c30a9e3f93e2e06bdbbf470b8ee1e64044bde0ae7d2a51dfcb2ce06078,59.17570387985565,0.9995303886236967
32,85,5238565.png,1,6cd2bc257755d20c4a02dc34b417c3babe3810147e1705b63a1ec39555140e70,58.84713382031143,0.9994639955989401
32,86,5238645.png,0,141755f430500cc17f28b091815d3339b6c391fa43253757ba0d8ca90ac1abbf,53.60910177182255,0.9983703279503414
32,87,5238645.png,1,f08d2fe70ea49f67131056ac9901d74946f4075c5c04449c590042a7fa4b3794,53.608068589039746,0.998353414720341
32,88,5239367.png,0,e0395f217ff14f5ce7419e2800b7223444c0020aa6a3808be0b4c4bd0f242c54,55.08126300421576,0.9991963827473992
32,89,5239367.png,1,9558bca4ea743ab9eabc22c0b91dc19f123e7253c4ec99c65e155b9948cc2a85,55.05708650524524,0.9992235430186321
32,90,5239482.png,0,affc1c93f48954c399b74b687e6b01cbee50922caadb04d02d389f210926a624,50.496395708989496,0.9976877687865526
32,91,5239482.png,1,028bf4243be6d8ba8a17a97c659df55061cbe61e82d783df656532ea84edb0a6,50.52619368501099,0.9976863114084805
32,92,5240190.png,0,01b08df0584c8872d4746af0f5ade5464aebe8a544d76e673c6812e1285a8505,59.76645451853878,0.9995359402917888
32,93,5240190.png,1,c2b25b8b4cade6b434fe7d7e23777ce3715921a646eae856e4f593e645d612e9,59.86716712231296,0.9995329030357384
32,94,5240191.png,0,21a44f231dacd81fb855c9ad63ede885580dd7165e4992a864f53ea869014c84,57.74515868480699,0.9993111162579424
32,95,5240191.png,1,55852ab328461a27f5186c29fc10e74edf5b3810a40d7563764e0641f67832fc,57.72911945337797,0.9993095408145026
32,96,5240193.png,0,cc0ff8c5c7cb14d366cc35533ff6d1f33986af6a1f08ae66711757e2eaf3cfbd,56.78534598589056,0.9994490888590435
32,97,5240193.png,1,e89204c1059f4ca3109dbe12d4ab2340b082525209de0b40fd5298e597286562,56.85530245210345,0.9994708807364391
32,98,5240194.png,0,74a41bbf27f1b7bab70d6e05c7a170558047eebe24416ffc39fc43f8f4972a9c,55.482910148577716,0.99932986748625
32,99,5240194.png,1,47d6d2c9150e23e94e6d42a6e27deac5983f11f881856cb5dc760b05b502664e,55.45252179346535,0.9993166623137665
32,100,5240249.png,0,e25ded4bd48dfc1764909c7404e6d977a48d9824c10c5c71c5564d4b37898202,52.8416368673151,0.999355497810397
32,101,5240249.png,1,1718655074ffa543f86bc49ec896f3f64d12b752902b087c3489e3650bc22027,52.78895627927944,0.9993560366446692
32,102,5240524.png,0,fdfa0228150c92959ec771390cafad9aeb09a82ff45bebaa40bc9c1524367f65,51.90651570673268,0.9983792208321902
32,103,5240524.png,1,f1d123e9f0af6fe2097dc3234793babea80f0e6365ca4bf363f0fe0defb57b95,51.99317218635827,0.9984512669564153
32,104,5240611.png,0,9b49f067a3d56e657da8910037b82cb6ca3cdabe9bcc96e485624e59dc778e9b,53.55335070207155,0.9985818051158355
32,105,5240611.png,1,1f6d6b9d2a619c3069378a54f239601c599ef7a5aec84a5ada6fc78d916e4c54,53.64846727406498,0.9986833588701459
32,106,5240617.png,0,a74139b781a1aea4ea00e82959d30397093216db22a69a8a2ecbbeeb1173bc2b,51.81040763529776,0.9976999939730636
32,107,5240617.png,1,12c7e9a7ff55c096ac5b9fd73a986ee126ac970233f3d5ff095f181da1348e6f,51.85887982069359,0.9978069289188549
32,108,5240619.png,0,61b0780be73ad8aaef46eeae9ef9b7ef40a209c1657693e890623d844ea9e7c5,53.18716577195324,0.9987352904277151
32,109,5240619.png,1,e85bc4f26b54089f69dcd9ee10bdc51514ef7b0587b618b4ad2dfe79d8c9ac70,53.29015528971375,0.9987598014034932
32,110,5240621.png,0,9472445fdbd09fff810476275d6bad57da24b50e0131586887c02607033903f0,51.77926064743225,0.9978284799308685
32,111,5240621.png,1,7a080ce1f538e23578715a8140aa88698bf53b267c3ff48d495a4c49fbde2825,51.79155922416946,0.997880202758226
32,112,5240623.png,0,ebaec03b948bbc9d14de838d492a47ef44f80b1d395be3a4e8f7038c22d308a0,51.78181998042067,0.9966105360052478
32,113,5240623.png,1,cf4c610aa6b71bef65c6b36213313a81387a69063787fdfd4e76e708d238412a,51.78361241133622,0.9966088368198442
32,114,5240926.png,0,58b7ba7a09f3005f69feb8da79df0fff73fd2ec4ded900cbf4ab27baef76e73b,53.490445204894364,0.9982966041890302
32,115,5240926.png,1,415b6fd297cb5374ec30b22ad338345dab3c42404971217d15df7f4480924589,53.376311719300375,0.9982131269617298
32,116,5240927.png,0,90fdcde89de557ae3b911899c87c64bdd0888cea1eff177a135a328ae2b55457,57.34206818133366,0.9994841593986551
32,117,5240927.png,1,9b066cf70bfe841b51caf76dc1013f50b96e2492b5069fc2b76501838b623587,57.44307470111575,0.9995107934032181
32,118,5241053.png,0,271337a182703bf1dc9fe054b9222e676ecb0493e743bb4811283073a1d2acd5,55.37293004279319,0.9991252376623212
32,119,5241053.png,1,94c8a90ba0cc8d001cb74b0efd2897900aff00aaa04e3725f0f3a5b391395a1d,55.440824039453254,0.9991494724652065
32,120,5241288.png,0,304f50e70410882f2bdba0562043ca7552657df107fc932b0d5fed12cde4d8fd,52.55152612354877,0.9972065124379433
32,121,5241288.png,1,d644ded4b1730bbf43df5578b9e45ec2f15f5673c845e32b99e463901d9b6fcb,52.546516342832646,0.9971867900218901
32,122,5241386.png,0,f6e749612ac2d4f01d172196ea306d1308336a4ef33e4987316e0273fe3fbd63,57.53963728272643,0.9994487265153439
32,123,5241386.png,1,dc6736b875c069745ef646def1adee64bd91383567adce76856cfcfe6dfb435d,57.64545199304365,0.9994788702063002
32,124,5241388.png,0,ef4def5a820756c0f782ec3e8d9261ccec2d5372df5c01cae6af46eb9885ab6a,61.36299797627381,0.9996214585522482
32,125,5241388.png,1,3deb930348c1c965d366678d6b542e2f1dc392c13d4c80ca88372f14e97c3ecb,60.74304575001336,0.9995116070219545
32,126,5241391.png,0,9616817dbb1efdc713c72c41426c990401e897b2a81f7a13f081db775fb639e2,58.80984674560618,0.9995901179403801
32,127,5241391.png,1,d2bb4fce93687e3d36c7b47fb4169f4189f3d503e45bf8df2dd48bf00a3b5db2,58.58665343252041,0.9995343666021671
32,128,5241396.png,0,51f36b3d7bb522c50cadb9e9008ed8727ac7f97f7a99bd4553b7dc1d88e716d5,58.6701926362451,0.9994204079330379
32,129,5241396.png,1,f875076b9cc9504b3309efb73bcded35d5d63d07cf522aff0748b6df6ee565d0,58.291983987330916,0.9993015628578994
32,130,5241436.png,0,69e139572807904d19697524959191547a273a805246fe4a8ba58d842e48f798,57.10024599709413,0.9991072625550914
32,131,5241436.png,1,e4872330d24393e5e250c2029b2c66ca61284956b5789382c702ae1835c75258,56.99571196487205,0.9990545854769666
32,132,5241438.png,0,c5aaff5f3b6aefb0f7c9973b259b0518a2e251d10ca83d1088c0877ce303b8a9,56.965076843094224,0.9990650563221265
32,133,5241438.png,1,ec0510cc08b4ca81b584cd4bd541a0a85e40081339c9385d19b1a980d5fa3ab5,57.02746414484543,0.9991077744758652
32,134,5241441.png,0,8e759ddea5e488b5504c615978a70da2cee8194cffea0f1db27b263ab0b9fbc6,56.85361484054042,0.9995651243425995
32,135,5241441.png,1,5ead2534932452019f0aaef1006ff3df7da9c51ec6240980e5a971b2650c177c,57.05625820439428,0.9995821753663261
32,136,5241460.png,0,ced1abfadb6fb5f41b28d0c830a3af2772bcbe4c788eb6fd6c380ac9cd6905c7,57.06294679599332,0.9992885141419673
32,137,5241460.png,1,c353f72679b99036036fd3d64f2648d988e234e492bb12b6e451a297d9b3d8ff,56.85077619341441,0.9992078801762866
32,138,5241706.png,0,7eb3f3174e78ee890eb8b4081b706f1eef3e2c9e64d3b2b238e0921533c4fe44,52.11791143409859,0.9986292576378707
32,139,5241706.png,1,4ba906775631fe577648a966ccbc5ad43162f22a5c1140372d2df4c18c9d6e71,52.08403501291236,0.9986167391893117
32,140,5241854.png,0,7adf48c4536623185092a60d7df53d0bc3d7009f13dadd9696bb865dd3facdf7,53.14027258005893,0.9989476420492783
32,141,5241854.png,1,dbacb23008cca7d9d623daea9d14a62e3e93d866cf9f88a9949661d2efcd6421,53.14260087547061,0.9989575596548587
32,142,5242008.png,0,a1dce052f557eba3d914448cfb3aab6cd8d8330f453436c41e948d12be78eb4a,54.51326978777047,0.9988128546309539
32,143,5242008.png,1,e190de8f34fbb9a0ee3c85cf3caa753859102666b7151bdcb6ed0e19112b1f38,54.61048076383904,0.998914946511822
32,144,5242211.png,0,3f08e6ed07477c26ce5fc2403bce5d86d84f1232fc25bd57935a8ccd80067ab8,51.996385244144534,0.9969915029398063
32,145,5242211.png,1,1d7ac4f29fc7225b12aeae1aed8647da492faadc2d57e3d4846d3d9f5fbc124f,52.04301939935689,0.9970717779012213
32,146,5242439.png,0,c652b1e15200ff72798a7c19cb61d80375ff84080ae6298bcbe069bb92c2948e,55.51956223305989,0.9995520030795216
32,147,5242439.png,1,160d26ea4b92c029eb837e40e98cfa89ecd24e4c3579f36121aabc145d9065da,55.71118449487504,0.9995989975342545
32,148,5242449.png,0,586491ec911c85596d5564efc7e325baa40cec4d93b5f40759813fe3306658cd,52.396754097331915,0.9977367669520305
32,149,5242449.png,1,f1507acaac54fd96ee8c1b14cf40c78375a8df21f6ac99eb787930200f22c484,52.384295605464814,0.9977163154246594
32,150,5242569.png,0,cdb0787b1b55d6c1b09a58f8b2df5f06694ec44a997cf83c7726cd00bdfa182d,52.254652753943056,0.9971639395888832
32,151,5242569.png,1,8b9da8f436d5c3ea4f3a749b774f9324b05081ea234c1b56074335228946c65c,52.319997323842045,0.9972334156499439
32,152,5242707.png,0,11558b3eb41d6f2882d31d81684859edd42126b7cd1607b1340bbf49bcea8cab,58.368243382837505,0.9989855453877731
32,153,5242707.png,1,47c50ffed2f3ba40d02995babe78bedfe2928894781247b39ccd180f81a86cd9,58.952139217721296,0.9992071706151711
32,154,5242770.png,0,7480889ba33434d991ae966c4442b4cc3fc74cae9d710cddb1aed43938e93ab2,60.42148685079694,0.9996920891457198
32,155,5242770.png,1,8def8aca15647a49615282b804ec11ef0247887cc3abff3953c72061d5bf55ed,60.50138757823576,0.9996920940180282
32,156,5242837.png,0,4f34acf9bdd8c96e4a5ec91dab040f4c53c505cf0d824e462bd07702d2554949,51.818713495774595,0.9979928488597922
32,157,5242837.png,1,85a49f50d81d325fee27e0f6b37dd1d49a2c769415e64aeceb884cfd4fb082a8,51.872713194294434,0.9980282393134684
32,158,5242841.png,0,d08a605259eb9169862365e084300e174a034f5541304f26ecb90a4ba744a954,52.545737901905,0.9982973301738665
32,159,5242841.png,1,ed8fda2930dec36463466a1a45b5d45144e257849d28959000423a9883dcd172,52.467525680357944,0.9982563730102124
32,160,5242881.png,0,b434c4517479da82add8a7761bce07b740b936002f00aea145d4a0317c55aae7,56.81069896475017,0.9992632979055233
32,161,5242881.png,1,870ca59d156fed227b9e660a1dc4c65d0955d69e57c1aaec583ea131112131c9,56.86544191617447,0.9992509815149573
32,162,5243335.png,0,2308ff7d21ddf0408bf6496d207ddadba1a6495181d7d04d5fc4c22b09859861,53.48951573163498,0.9988784853449831
32,163,5243335.png,1,f3573201137e2e75fc65fac51ed4c951b49dd83ee8968a7f4c56623321fa4473,53.55810747712533,0.9988681784673968
32,164,5243336.png,0,d403db1e9d97855c7b6599d92565805af2e121ff93dd2183c5242f7bb87b54a8,53.149698495033604,0.9990911764018907
32,165,5243336.png,1,e0d696c1fcc4b5b226b71bb1e4a01165f0a2fc72f27223f473b7ea233735c04a,53.09661700048675,0.9990457020836171
32,166,5243340.png,0,e35470e4b03712a71d5e672470f07793c98a652fe374a8e146ee4593da09cd14,54.64791188482411,0.9990055415888182
32,167,5243340.png,1,1cbf8d9a9929b6fb74f34a04634219af7c33bafbb4859a2e7fd710c446bf398c,54.589881274026304,0.9989187093554667
32,168,5243341.png,0,e3226fe35c55b7bb0288f6ca010b96e513886f6555ac3e20e5e7f1a1441f5f2b,54.7760595213944,0.9989172010580805
32,169,5243341.png,1,8ac054b6b4d258b5f35e3bab73be23acfef129b76ed1318d8df92739dd9d8dc2,54.7205819227004,0.9988945936568241
32,170,5243507.png,0,bd5f75a6500730a8734b291146b7e6b880de3db48cf11823ecee20cbf6be4dc9,52.89203771510253,0.9987974864224606
32,171,5243507.png,1,eeb14c0cc70d292b9b2e8cdb1f412c85004695665404bcd9e67456f03cffe49e,52.847457195083116,0.9987905091318078
32,172,5243623.png,0,04aeadc7b8dfb8388eb6bcf1a414d36dd45ebb73aadbc16b550ce54ff505f6a4,55.33371806357472,0.9992660393908125
32,173,5243623.png,1,4eaf8de49663c261fd03615a39412071dfac42f6160ea1263b0dd92dbc3f79af,55.407835741417166,0.9992651115450643
32,174,5243630.png,0,8c6dc456942a81d01edb8e694a13e0aaa2ba2581a5c14c9d72d523663e2632c1,56.022616602392304,0.999112085613345
32,175,5243630.png,1,f0a6ac74d84e4fe27b773494d524df1284ad6d82a09585ed12e6e7f2a7bfcb73,56.15088757132331,0.9991740835502637
32,176,5243659.png,0,1ff30bc271fbabbcde5f457aaae993ff2760f7beb65205ab4080a8327dd7b023,52.32649331281643,0.9983230568179634
32,177,5243659.png,1,a1e6e5f0ff24972a5f187da0670d377732418bf947f2ceae7f10e91599e3ed46,52.44484550436429,0.99840185526437
32,178,5243661.png,0,cbfab41a841a96c6fa05a37552704376bcb7038ed736396f5c0c135a7ab60b46,51.75143587613402,0.998570317605379
32,179,5243661.png,1,31565563fcae70c445c342cd84d1ced1ec9fa7e12d2cfd819416e889eecd81ba,51.81863603862681,0.998629456245471
32,180,5243786.png,0,fc953cd46ba58b5b3578fe3d9b0d1dc2879ebfbffa43f56916d7d8a4c3963a14,54.023465363240206,0.998629167289185
32,181,5243786.png,1,4a5d5f1b497ebe6483a178081e5e174924d48f3bd64b2f3dcdcfcd387ceaa4d5,53.966022787776154,0.9985464232464273
32,182,5243979.png,0,923bf9e943866e17759d889a5e3eff852ed07c156c523e3c91b03bac0b5e0346,53.49363348140868,0.9982780420571901
32,183,5243979.png,1,a9a75b64ec04dd72ff4cca4a7398cf72f53e6e69b02b6d3111e47579bfb21759,53.43751779411333,0.9982566097210883
32,184,5243980.png,0,469350c10f145c72ae07370d9da9531442fca3702e05af5958f5cfb510ae3c2b,56.098798540547065,0.9992307515064603
32,185,5243980.png,1,919e78586bb34227097f9c1cfb5acf3e251d5e00e3fda51861d2866aba1ba631,56.2066217672067,0.9992576015718181
32,186,5243987.png,0,7b0b86bfe9dbf69b035173f798b6a24d8773509cf1b868341289a24309a3d702,55.56440959681102,0.9992120141649147
32,187,5243987.png,1,20482c37ec86c7504257b1ed85091a914114db73d5eaf45481c0b158c40dff06,55.486933979863586,0.9992182742922114
32,188,5244225.png,0,ad373ecf2b4775c3e7805f3d56fffc37d335d51750ba9011475cb6d5bab1f4b0,53.38526468413494,0.9979646410264381
32,189,5244225.png,1,b709b5e1f6b30218b9df19f9d9e363d299461c5ade9b1cce8b74410f2d4a30f5,53.31047436534898,0.9978946053475232
32,190,5244243.png,0,ae5557a72c3fcf790ce405d4c7034b83149eb1943b43cf22803671f77218324f,57.959616885617145,0.999542723105959
32,191,5244243.png,1,e35898da08079b5150228184f64e336f43db760740d512674a97138287409a34,57.67399085285122,0.999482043052696
32,192,5244420.png,0,a5957080b055275414938f0762ac81c983a5cc4bbf6e7b2ae3e069122d5450cf,53.08343442855336,0.9988209076602009
32,193,5244420.png,1,26ba1b2d328c4de528ebb6f867d840daeff5c6d7a598cf8ba9b4d0fc1797778b,53.1314259443971,0.9988264912481756
32,194,5244484.png,0,514e64d4a0c9e78851bb4fc0b14bfe21c73489cdbb30232a059dd8e0fb3b9079,57.53891441037019,0.9994391420444243
32,195,5244484.png,1,5e5c84bcac984a9e0cecf3b85202901b2a5db2751ca47723209d20b69481d51f,57.852073951807164,0.9995015214114598
32,196,5244485.png,0,dcc8353b5a696bcf5c05fe7122d70432997576466e27e0dea35eaea5b6557963,52.626270657265295,0.9977009057563206
32,197,5244485.png,1,71b6d996332a70f136e2effe9200fa3288897fdf7140b734065369d0f0a91e7d,52.56511826174635,0.997636394922193
32,198,5244492.png,0,62b90f722fec5ce864a87b34bd50e3211905b78394be8a24a4bc93c1b320574d,55.59679538537874,0.9991219781803325
32,199,5244492.png,1,64d5c0f0fec815d965a4871925c01f862922b1b682929853040ad379080a7053,55.50735071536165,0.9990892065207774
