epoch,train_bce,train_ber,train_lh2_ber,train_hl2_ber,validation_bce,validation_macro_ber,is_best_checkpoint,train_clean_ber,train_clean_lh2_ber,train_clean_hl2_ber,train_clean_perfect_payloads,validation_clean_ber,validation_clean_lh2_ber,validation_clean_hl2_ber,validation_clean_perfect_payloads,train_jpeg90_ber,train_jpeg90_lh2_ber,train_jpeg90_hl2_ber,train_jpeg90_perfect_payloads,validation_jpeg90_ber,validation_jpeg90_lh2_ber,validation_jpeg90_hl2_ber,validation_jpeg90_perfect_payloads,train_jpeg70_ber,train_jpeg70_lh2_ber,train_jpeg70_hl2_ber,train_jpeg70_perfect_payloads,validation_jpeg70_ber,validation_jpeg70_lh2_ber,validation_jpeg70_hl2_ber,validation_jpeg70_perfect_payloads,train_jpeg50_ber,train_jpeg50_lh2_ber,train_jpeg50_hl2_ber,train_jpeg50_perfect_payloads,validation_jpeg50_ber,validation_jpeg50_lh2_ber,validation_jpeg50_hl2_ber,validation_jpeg50_perfect_payloads,train_reencode1_ber,train_reencode1_lh2_ber,train_reencode1_hl2_ber,train_reencode1_perfect_payloads,validation_reencode1_ber,validation_reencode1_lh2_ber,validation_reencode1_hl2_ber,validation_reencode1_perfect_payloads,train_reencode2_ber,train_reencode2_lh2_ber,train_reencode2_hl2_ber,train_reencode2_perfect_payloads,validation_reencode2_ber,validation_reencode2_lh2_ber,validation_reencode2_hl2_ber,validation_reencode2_perfect_payloads,train_reencode3_ber,train_reencode3_lh2_ber,train_reencode3_hl2_ber,train_reencode3_perfect_payloads,validation_reencode3_ber,validation_reencode3_lh2_ber,validation_reencode3_hl2_ber,validation_reencode3_perfect_payloads
1,0.6261979341506958,0.26175223214285714,0.2507366071428571,0.2727678571428571,0.5321625471115112,0.2708147321428572,True,0.0953125,0.09003125,0.10059375,1,0.0745703125,0.070703125,0.0784375,1,0.179671875,0.14053125,0.2188125,0,0.1808984375,0.11703125,0.244765625,0,0.3706484375,0.365765625,0.37553125,0,0.3851171875,0.383203125,0.38703125,0,0.454421875,0.456921875,0.451921875,0,0.4598046875,0.461875,0.457734375,0,0.2388046875,0.22796875,0.249640625,0,0.2609375,0.24953125,0.27234375,0,0.2456640625,0.235828125,0.2555,0,0.26578125,0.255546875,0.276015625,0,0.2477421875,0.238109375,0.257375,0,0.26859375,0.258359375,0.278828125,0
2,0.47991469502449036,0.20045424107142856,0.19737723214285716,0.20353125,0.473065048456192,0.21354352678571434,True,0.0006953125,0.000640625,0.00075,921,0.0009375,0.001015625,0.000859375,181,0.085421875,0.0628125,0.10803125,7,0.08890625,0.05546875,0.12234375,0,0.34665625,0.341390625,0.351921875,0,0.36734375,0.3640625,0.370625,0,0.450421875,0.45234375,0.4485,0,0.4575,0.453125,0.461875,0,0.1634140625,0.165078125,0.16175,0,0.1856640625,0.20375,0.167578125,0,0.176265625,0.177796875,0.174734375,0,0.19578125,0.215546875,0.176015625,0,0.1803046875,0.181578125,0.17903125,0,0.198671875,0.216875,0.18046875,0
3,0.45482879877090454,0.1983046875,0.19514732142857144,0.20146205357142857,0.4690259099006653,0.21220982142857142,True,0.0004765625,0.000421875,0.00053125,943,0.0003515625,0.000546875,0.00015625,191,0.0814453125,0.058859375,0.10403125,7,0.086796875,0.054609375,0.118984375,2,0.34590625,0.339796875,0.352015625,0,0.3662890625,0.363046875,0.36953125,0,0.4495859375,0.4513125,0.447859375,0,0.457421875,0.45296875,0.461875,0,0.1599296875,0.16175,0.158109375,0,0.1834375,0.201171875,0.165703125,0,0.173359375,0.1749375,0.17178125,0,0.1944140625,0.2128125,0.176015625,0,0.1774296875,0.178953125,0.17590625,0,0.1967578125,0.2140625,0.179453125,0
4,0.45228129625320435,0.19785714285714287,0.19471875,0.20099553571428572,0.4675736725330353,0.21191964285714285,True,0.000421875,0.000421875,0.000421875,947,0.000390625,0.000390625,0.000390625,190,0.0809375,0.058265625,0.103609375,7,0.08640625,0.054140625,0.118671875,2,0.3454375,0.33928125,0.35159375,0,0.36625,0.363203125,0.369296875,0,0.449484375,0.4514375,0.44753125,0,0.45796875,0.453671875,0.462265625,0,0.1590859375,0.1609375,0.157234375,0,0.1826171875,0.20046875,0.164765625,0,0.1728359375,0.174546875,0.171125,0,0.193671875,0.211484375,0.175859375,0,0.176796875,0.178140625,0.175453125,0,0.1961328125,0.21359375,0.178671875,0
5,0.4512915313243866,0.19770089285714285,0.19456473214285713,0.20083705357142856,0.4667627513408661,0.2116908482142857,True,0.000375,0.000375,0.000375,953,0.000390625,0.000390625,0.000390625,190,0.0804609375,0.057640625,0.10328125,6,0.08578125,0.053984375,0.117578125,2,0.345734375,0.3394375,0.35203125,0,0.366328125,0.36296875,0.3696875,0,0.4495625,0.451578125,0.447546875,0,0.4577734375,0.45359375,0.461953125,0,0.158859375,0.16059375,0.157125,0,0.182109375,0.19953125,0.1646875,0,0.172421875,0.17425,0.17059375,0,0.193671875,0.21125,0.17609375,0,0.1764921875,0.178078125,0.17490625,0,0.19578125,0.2128125,0.17875,0
6,0.45067456364631653,0.1945111607142857,0.19445089285714287,0.19457142857142856,0.4660402238368988,0.2058482142857143,True,0.0004609375,0.000390625,0.00053125,942,0.0004296875,0.000390625,0.00046875,189,0.066828125,0.057609375,0.076046875,5,0.0559765625,0.05390625,0.058046875,2,0.3327890625,0.339390625,0.3261875,0,0.35109375,0.36296875,0.33921875,0,0.4497578125,0.451265625,0.44825,0,0.4583203125,0.45296875,0.463671875,0,0.1603046875,0.1604375,0.160171875,0,0.1835546875,0.199375,0.167734375,0,0.173703125,0.17415625,0.17325,0,0.1945703125,0.2109375,0.178203125,0,0.177734375,0.17790625,0.1775625,0,0.1969921875,0.212265625,0.18171875,0
7,0.4502650201320648,0.19476339285714286,0.19489285714285715,0.19463392857142858,0.46575111150741577,0.20585937499999998,False,0.0004609375,0.000421875,0.0005,942,0.0004296875,0.000390625,0.00046875,189,0.0666484375,0.057625,0.075671875,5,0.055625,0.053046875,0.058203125,2,0.3331796875,0.340015625,0.32634375,0,0.3512109375,0.3628125,0.339609375,0,0.4501015625,0.4515625,0.448640625,0,0.459140625,0.453984375,0.464296875,0,0.1607578125,0.1610625,0.160453125,0,0.1834765625,0.19921875,0.167734375,0,0.17415625,0.17490625,0.17340625,0,0.1942578125,0.211171875,0.17734375,0,0.1780390625,0.17865625,0.177421875,0,0.196875,0.21265625,0.18109375,0
8,0.44999051094055176,0.19468638392857143,0.19476785714285713,0.1946049107142857,0.4655200242996216,0.20588169642857143,False,0.00046875,0.000421875,0.000515625,941,0.0004296875,0.000390625,0.00046875,189,0.0664453125,0.057453125,0.0754375,7,0.0560546875,0.052734375,0.059375,1,0.332609375,0.340234375,0.324984375,0,0.3510546875,0.362890625,0.33921875,0,0.4501640625,0.4513125,0.449015625,0,0.45953125,0.453515625,0.465546875,0,0.1609609375,0.161,0.160921875,0,0.183046875,0.198984375,0.167109375,0,0.17409375,0.174625,0.1735625,0,0.1941015625,0.211328125,0.176875,0,0.1780625,0.178328125,0.177796875,0,0.196953125,0.212734375,0.181171875,0
9,0.44977232813835144,0.19343080357142858,0.192390625,0.19447098214285713,0.4653259217739105,0.20488281249999998,True,0.00040625,0.00028125,0.00053125,948,0.000390625,0.0003125,0.00046875,190,0.0649453125,0.05471875,0.075171875,7,0.0555859375,0.051796875,0.059375,1,0.3318203125,0.338796875,0.32484375,0,0.3496875,0.360078125,0.339296875,0,0.4498046875,0.45059375,0.449015625,0,0.46,0.45453125,0.46546875,0,0.159015625,0.157328125,0.160703125,0,0.1812890625,0.195390625,0.1671875,0,0.1719765625,0.170609375,0.17334375,0,0.192109375,0.207265625,0.176953125,0,0.176046875,0.17440625,0.1776875,0,0.1951171875,0.208828125,0.18140625,0
10,0.4495921730995178,0.1934575892857143,0.192390625,0.19452455357142856,0.4652005732059479,0.20484375000000002,True,0.000390625,0.00028125,0.0005,950,0.000390625,0.0003125,0.00046875,190,0.064953125,0.054703125,0.075203125,7,0.0555078125,0.051640625,0.059375,1,0.331859375,0.338828125,0.324890625,0,0.3496875,0.360078125,0.339296875,0,0.4498203125,0.45059375,0.449046875,0,0.4601171875,0.4546875,0.465546875,0,0.1590546875,0.1573125,0.160796875,0,0.181171875,0.195390625,0.166953125,0,0.1720078125,0.17059375,0.173421875,0,0.1918359375,0.2071875,0.176484375,0,0.1761171875,0.174421875,0.1778125,0,0.1951953125,0.208828125,0.1815625,0
11,0.449443519115448,0.19333370535714287,0.19212723214285715,0.19454017857142858,0.4650880992412567,0.20486607142857144,False,0.000390625,0.00028125,0.0005,950,0.000390625,0.0003125,0.00046875,190,0.0650546875,0.054765625,0.07534375,7,0.055703125,0.051953125,0.059453125,1,0.331640625,0.33840625,0.324875,0,0.35,0.360546875,0.339453125,0,0.449671875,0.450359375,0.448984375,0,0.4595703125,0.453515625,0.465625,0,0.1588359375,0.156921875,0.16075,0,0.1816015625,0.1959375,0.167265625,0,0.1718125,0.1701875,0.1734375,0,0.19171875,0.206875,0.1765625,0,0.1759296875,0.17396875,0.177890625,0,0.195078125,0.208515625,0.181640625,0
12,0.4493228495121002,0.1933392857142857,0.19215848214285713,0.1945200892857143,0.464927077293396,0.20484933035714284,False,0.000390625,0.00028125,0.0005,950,0.000390625,0.0003125,0.00046875,190,0.065140625,0.05484375,0.0754375,7,0.055546875,0.051875,0.05921875,1,0.3315546875,0.33834375,0.324765625,0,0.3503515625,0.36078125,0.339921875,0,0.4496328125,0.450390625,0.448875,0,0.4595703125,0.453515625,0.465625,0,0.1589609375,0.15703125,0.160890625,0,0.1816015625,0.19625,0.166953125,0,0.171765625,0.170171875,0.173359375,0,0.191640625,0.206796875,0.176484375,0,0.1759296875,0.174046875,0.1778125,0,0.19484375,0.208515625,0.181171875,0
13,0.4492243230342865,0.1932935267857143,0.19213169642857142,0.19445535714285714,0.4648467004299164,0.20496093749999997,False,0.000390625,0.00028125,0.0005,950,0.000390625,0.0003125,0.00046875,190,0.0651171875,0.05490625,0.075328125,7,0.055390625,0.051328125,0.059453125,1,0.3315859375,0.338484375,0.3246875,0,0.350546875,0.361171875,0.339921875,0,0.44971875,0.450453125,0.448984375,0,0.4597265625,0.4534375,0.466015625,0,0.1586953125,0.1566875,0.160703125,0,0.181796875,0.19625,0.16734375,0,0.1717109375,0.17015625,0.173265625,0,0.191953125,0.207109375,0.176796875,0,0.1758359375,0.173953125,0.17771875,0,0.194921875,0.208515625,0.181328125,0
14,0.44913700222969055,0.19321875,0.1919732142857143,0.1944642857142857,0.4647230803966522,0.20489397321428574,False,0.000375,0.00025,0.0005,952,0.000390625,0.0003125,0.00046875,190,0.06503125,0.0546875,0.075375,7,0.0554296875,0.0515625,0.059296875,1,0.3315234375,0.338328125,0.32471875,0,0.350546875,0.361171875,0.339921875,0,0.4497890625,0.450578125,0.449,0,0.459921875,0.45390625,0.4659375,0,0.1585390625,0.156359375,0.16071875,0,0.1815234375,0.195859375,0.1671875,0,0.17153125,0.1698125,0.17325,0,0.191796875,0.206953125,0.176640625,0,0.1757421875,0.173796875,0.1776875,0,0.1946484375,0.208359375,0.1809375,0
15,0.4490434229373932,0.19328683035714286,0.19198660714285715,0.19458705357142858,0.4645802974700928,0.20489397321428574,False,0.000359375,0.00025,0.00046875,954,0.000390625,0.0003125,0.00046875,190,0.0651015625,0.054703125,0.0755,7,0.0555859375,0.0515625,0.059609375,1,0.331640625,0.338171875,0.325109375,0,0.3505078125,0.3609375,0.340078125,0,0.4498203125,0.45065625,0.448984375,0,0.459921875,0.453828125,0.466015625,0,0.1586484375,0.1564375,0.160859375,0,0.1814453125,0.19546875,0.167421875,0,0.17165625,0.16990625,0.17340625,0,0.191875,0.20671875,0.17703125,0,0.17578125,0.17378125,0.17778125,0,0.19453125,0.20828125,0.18078125,0
16,0.44895005226135254,0.19315401785714287,0.191890625,0.19441741071428573,0.46449533104896545,0.20486607142857144,False,0.000359375,0.00025,0.00046875,954,0.000390625,0.0003125,0.00046875,190,0.0650234375,0.0545625,0.075484375,7,0.05546875,0.051640625,0.059296875,1,0.33146875,0.338078125,0.324859375,0,0.350390625,0.361171875,0.339609375,0,0.4496796875,0.45071875,0.448640625,0,0.4596484375,0.45390625,0.465390625,0,0.1584296875,0.15634375,0.160515625,0,0.181328125,0.195234375,0.167421875,0,0.171421875,0.169625,0.17321875,0,0.1921484375,0.206875,0.177421875,0,0.1756953125,0.17365625,0.177734375,0,0.1946875,0.208359375,0.181015625,0
17,0.4488808214664459,0.19311941964285714,0.19188839285714285,0.19435044642857144,0.4644162356853485,0.2048604910714286,False,0.000375,0.00025,0.0005,953,0.000390625,0.0003125,0.00046875,190,0.0649375,0.054421875,0.075453125,7,0.0553515625,0.05140625,0.059296875,1,0.3315859375,0.338359375,0.3248125,0,0.3504296875,0.361328125,0.33953125,0,0.449734375,0.450828125,0.448640625,0,0.4597265625,0.4540625,0.465390625,0,0.1582578125,0.156203125,0.1603125,0,0.1813671875,0.195546875,0.1671875,0,0.171359375,0.169625,0.17309375,0,0.19203125,0.20703125,0.17703125,0,0.1755859375,0.17353125,0.177640625,0,0.1947265625,0.208828125,0.180625,0
18,0.4488151967525482,0.19310714285714287,0.191859375,0.1943549107142857,0.46430617570877075,0.2048046875,True,0.000375,0.00025,0.0005,953,0.000390625,0.0003125,0.00046875,190,0.06490625,0.054390625,0.075421875,7,0.0553125,0.05140625,0.05921875,1,0.3315234375,0.33828125,0.324765625,0,0.350546875,0.3615625,0.33953125,0,0.4497734375,0.450921875,0.448625,0,0.4596484375,0.453984375,0.4653125,0,0.1582734375,0.1561875,0.160359375,0,0.18125,0.195390625,0.167109375,0,0.1713125,0.1695,0.173125,0,0.191796875,0.206953125,0.176640625,0,0.1755859375,0.173484375,0.1776875,0,0.1946875,0.20875,0.180625,0
19,0.4487561285495758,0.1930859375,0.191828125,0.19434375,0.4642285704612732,0.20479910714285712,True,0.0003671875,0.00025,0.000484375,954,0.000390625,0.0003125,0.00046875,190,0.064828125,0.05428125,0.075375,7,0.0553125,0.05140625,0.05921875,1,0.33153125,0.33828125,0.32478125,0,0.3505078125,0.361484375,0.33953125,0,0.44975,0.45084375,0.44865625,0,0.4597265625,0.454140625,0.4653125,0,0.1582890625,0.156234375,0.16034375,0,0.18125,0.195390625,0.167109375,0,0.1712890625,0.16946875,0.173109375,0,0.1917578125,0.206875,0.176640625,0,0.175546875,0.1734375,0.17765625,0,0.1946484375,0.208671875,0.180625,0
20,0.44870296120643616,0.19309709821428572,0.19183258928571428,0.19436160714285713,0.464183509349823,0.20477120535714285,True,0.0003671875,0.00025,0.000484375,954,0.000390625,0.0003125,0.00046875,190,0.0648515625,0.054234375,0.07546875,7,0.0555859375,0.051953125,0.05921875,1,0.331484375,0.338203125,0.324765625,0,0.3501953125,0.360859375,0.33953125,0,0.449640625,0.450578125,0.448703125,0,0.4594921875,0.45359375,0.465390625,0,0.1583671875,0.156359375,0.160375,0,0.1813671875,0.195625,0.167109375,0,0.171375,0.1696875,0.1730625,0,0.1917578125,0.206875,0.176640625,0,0.17559375,0.173515625,0.177671875,0,0.194609375,0.20859375,0.180625,0
21,0.4486542344093323,0.19309709821428572,0.191828125,0.19436607142857143,0.4640774130821228,0.20470424107142857,True,0.000375,0.00025,0.0005,953,0.000390625,0.0003125,0.00046875,190,0.064828125,0.05425,0.07540625,7,0.0554296875,0.051796875,0.0590625,1,0.3314765625,0.338171875,0.32478125,0,0.3500390625,0.360625,0.339453125,0,0.4496640625,0.450609375,0.44871875,0,0.45953125,0.453671875,0.465390625,0,0.1583671875,0.156390625,0.16034375,0,0.18125,0.195625,0.166875,0,0.1713671875,0.169640625,0.17309375,0,0.19171875,0.206875,0.1765625,0,0.1756015625,0.173484375,0.17771875,0,0.1945703125,0.20859375,0.180546875,0
22,0.448603093624115,0.19308705357142858,0.19180133928571427,0.19437276785714286,0.4639998972415924,0.20470424107142857,True,0.0003671875,0.00025,0.000484375,954,0.000390625,0.0003125,0.00046875,190,0.06484375,0.05425,0.0754375,7,0.0554296875,0.051796875,0.0590625,1,0.3314921875,0.3381875,0.324796875,0,0.3500390625,0.360625,0.339453125,0,0.4496640625,0.450625,0.448703125,0,0.4595703125,0.453671875,0.46546875,0,0.1583359375,0.156296875,0.160375,0,0.18125,0.195625,0.166875,0,0.171328125,0.1695625,0.17309375,0,0.1916796875,0.206796875,0.1765625,0,0.175578125,0.1734375,0.17771875,0,0.1945703125,0.20859375,0.180546875,0
23,0.44856542348861694,0.19302678571428572,0.19179910714285714,0.19425446428571427,0.4639545977115631,0.20457589285714284,True,0.0003671875,0.00025,0.000484375,954,0.000390625,0.0003125,0.00046875,190,0.064796875,0.05425,0.07534375,7,0.055234375,0.051640625,0.058828125,1,0.3313515625,0.33825,0.324453125,0,0.34984375,0.36046875,0.33921875,0,0.4496484375,0.45059375,0.448703125,0,0.4595703125,0.453828125,0.4653125,0,0.15828125,0.156265625,0.160296875,0,0.1809375,0.19546875,0.16640625,0,0.1712578125,0.1695625,0.172953125,0,0.1914453125,0.206796875,0.17609375,0,0.175484375,0.173421875,0.177546875,0,0.194609375,0.20859375,0.180625,0
24,0.44851937890052795,0.19302790178571427,0.19179464285714284,0.1942611607142857,0.4639359712600708,0.20458705357142856,False,0.0003671875,0.00025,0.000484375,954,0.000390625,0.0003125,0.00046875,190,0.064796875,0.05425,0.07534375,7,0.055234375,0.051640625,0.058828125,1,0.3313359375,0.33821875,0.324453125,0,0.349921875,0.36046875,0.339375,0,0.4496640625,0.45059375,0.448734375,0,0.4595703125,0.453828125,0.4653125,0,0.1582578125,0.156265625,0.16025,0,0.1809375,0.19546875,0.16640625,0,0.171265625,0.1695625,0.17296875,0,0.1914453125,0.206796875,0.17609375,0,0.1755078125,0.173421875,0.17759375,0,0.194609375,0.20859375,0.180625,0
25,0.4484936594963074,0.19302566964285714,0.19179910714285714,0.19425223214285714,0.46378958225250244,0.20461495535714286,False,0.0003671875,0.00025,0.000484375,954,0.000390625,0.0003125,0.00046875,190,0.0648046875,0.054265625,0.07534375,7,0.055234375,0.051640625,0.058828125,1,0.3313359375,0.338203125,0.32446875,0,0.3499609375,0.360625,0.339296875,0,0.4496640625,0.450609375,0.44871875,0,0.4595703125,0.453828125,0.4653125,0,0.158234375,0.15625,0.16021875,0,0.1808984375,0.19546875,0.166328125,0,0.1712578125,0.169578125,0.1729375,0,0.191640625,0.206796875,0.176484375,0,0.175515625,0.1734375,0.17759375,0,0.194609375,0.20859375,0.180625,0
26,0.4484519958496094,0.19300892857142857,0.1918169642857143,0.19420089285714287,0.46379637718200684,0.20463169642857143,False,0.0003671875,0.00025,0.000484375,954,0.000390625,0.0003125,0.00046875,190,0.064796875,0.0543125,0.07528125,7,0.0552734375,0.051640625,0.05890625,1,0.33140625,0.338171875,0.324640625,0,0.350078125,0.360703125,0.339453125,0,0.4495625,0.45059375,0.44853125,0,0.4594140625,0.45375,0.465078125,0,0.1581484375,0.1563125,0.159984375,0,0.1809375,0.19546875,0.16640625,0,0.1712578125,0.16959375,0.172921875,0,0.1916796875,0.206875,0.176484375,0,0.1755234375,0.173484375,0.1775625,0,0.1946484375,0.20859375,0.180703125,0
27,0.4484340250492096,0.193015625,0.19178348214285715,0.19424776785714284,0.4638189673423767,0.20457589285714287,True,0.0003671875,0.00025,0.000484375,954,0.000390625,0.0003125,0.00046875,190,0.06484375,0.054234375,0.075453125,8,0.0553125,0.051796875,0.058828125,1,0.331328125,0.3381875,0.32446875,0,0.350078125,0.360625,0.33953125,0,0.4496171875,0.45059375,0.448640625,0,0.45953125,0.45390625,0.46515625,0,0.1581875,0.15621875,0.16015625,0,0.1807421875,0.19546875,0.166015625,0,0.171265625,0.169578125,0.172953125,0,0.1915234375,0.206875,0.176171875,0,0.1755,0.173421875,0.177578125,0,0.194453125,0.20859375,0.1803125,0
28,0.4483952224254608,0.19301227678571428,0.19179017857142858,0.194234375,0.4637041687965393,0.2046205357142857,False,0.0003671875,0.00025,0.000484375,954,0.000390625,0.0003125,0.00046875,190,0.0648125,0.054171875,0.075453125,8,0.0553515625,0.051796875,0.05890625,1,0.33140625,0.33825,0.3245625,0,0.3501953125,0.360703125,0.3396875,0,0.4495546875,0.45059375,0.448515625,0,0.459453125,0.453984375,0.464921875,0,0.1581796875,0.156296875,0.1600625,0,0.1808984375,0.195625,0.166171875,0,0.171234375,0.16953125,0.1729375,0,0.1915234375,0.206875,0.176171875,0,0.17553125,0.1734375,0.177625,0,0.19453125,0.208671875,0.180390625,0
29,0.4483620226383209,0.19303013392857143,0.19182366071428572,0.19423660714285715,0.4636930525302887,0.20452008928571427,True,0.0003671875,0.00025,0.000484375,954,0.000390625,0.0003125,0.00046875,190,0.06478125,0.054140625,0.075421875,8,0.0552734375,0.051640625,0.05890625,1,0.3314921875,0.338390625,0.32459375,0,0.3499609375,0.360234375,0.3396875,0,0.449546875,0.450640625,0.448453125,0,0.459453125,0.453984375,0.464921875,0,0.1581875,0.15628125,0.16009375,0,0.180703125,0.195390625,0.166015625,0,0.1713046875,0.169625,0.172984375,0,0.1914453125,0.20671875,0.176171875,0,0.17553125,0.1734375,0.177625,0,0.1944140625,0.2084375,0.180390625,0
30,0.44833409786224365,0.1930435267857143,0.19184598214285714,0.19424107142857142,0.46360334753990173,0.20445312499999999,True,0.0003671875,0.00025,0.000484375,954,0.000390625,0.0003125,0.00046875,190,0.0648828125,0.0543125,0.075453125,8,0.0552734375,0.051640625,0.05890625,1,0.3314921875,0.338375,0.324609375,0,0.3499609375,0.3603125,0.339609375,0,0.4495,0.450546875,0.448453125,0,0.4594140625,0.45390625,0.464921875,0,0.158203125,0.1563125,0.16009375,0,0.180625,0.195234375,0.166015625,0,0.17134375,0.1696875,0.173,0,0.19125,0.2065625,0.1759375,0,0.175515625,0.1734375,0.17759375,0,0.1942578125,0.20828125,0.180234375,0
31,0.44830644130706787,0.19303348214285715,0.19184151785714285,0.19422544642857142,0.4636324942111969,0.20447544642857143,False,0.0003515625,0.00021875,0.000484375,955,0.000390625,0.0003125,0.00046875,190,0.064875,0.0543125,0.0754375,8,0.0552734375,0.051640625,0.05890625,1,0.3314921875,0.338375,0.324609375,0,0.3499609375,0.3603125,0.339609375,0,0.4495,0.450546875,0.448453125,0,0.4594140625,0.45390625,0.464921875,0,0.158203125,0.1563125,0.16009375,0,0.18078125,0.195234375,0.166328125,0,0.171328125,0.1696875,0.17296875,0,0.191328125,0.2065625,0.17609375,0,0.175484375,0.1734375,0.17753125,0,0.1941796875,0.20828125,0.180078125,0
32,0.44827720522880554,0.1929810267857143,0.1918080357142857,0.19415401785714287,0.4635908603668213,0.20450892857142855,False,0.0003515625,0.00021875,0.000484375,955,0.000390625,0.0003125,0.00046875,190,0.064796875,0.054234375,0.075359375,8,0.0552734375,0.051640625,0.05890625,1,0.3315234375,0.3385,0.324546875,0,0.3498828125,0.360234375,0.33953125,0,0.449484375,0.450546875,0.448421875,0,0.4594921875,0.453984375,0.465,0,0.158078125,0.15625,0.15990625,0,0.1807421875,0.195234375,0.16625,0,0.17121875,0.169578125,0.172859375,0,0.1913671875,0.2065625,0.176171875,0,0.1754140625,0.173328125,0.1775,0,0.1944140625,0.208359375,0.18046875,0
33,0.44825801253318787,0.1929810267857143,0.19182142857142856,0.194140625,0.46365442872047424,0.20453125,False,0.0003515625,0.00021875,0.000484375,955,0.000390625,0.0003125,0.00046875,190,0.0647890625,0.05425,0.075328125,8,0.0552734375,0.051640625,0.05890625,1,0.331515625,0.338484375,0.324546875,0,0.3498828125,0.360234375,0.33953125,0,0.4494609375,0.450546875,0.448375,0,0.4595703125,0.453984375,0.46515625,0,0.158125,0.15628125,0.15996875,0,0.1809765625,0.195234375,0.16671875,0,0.1712265625,0.169609375,0.17284375,0,0.1912890625,0.2065625,0.176015625,0,0.1753984375,0.173359375,0.1774375,0,0.1943359375,0.208359375,0.1803125,0
34,0.44822970032691956,0.19303013392857143,0.19191517857142856,0.19414508928571428,0.4636220932006836,0.2045424107142857,False,0.0003671875,0.00025,0.000484375,953,0.000390625,0.0003125,0.00046875,190,0.064890625,0.05446875,0.0753125,8,0.05515625,0.05140625,0.05890625,1,0.3315234375,0.338515625,0.32453125,0,0.34984375,0.360234375,0.339453125,0,0.4493515625,0.450328125,0.448375,0,0.4594140625,0.453671875,0.46515625,0,0.158234375,0.1565,0.15996875,0,0.1812109375,0.195703125,0.16671875,0,0.1713671875,0.169859375,0.172875,0,0.19140625,0.206796875,0.176015625,0,0.1754765625,0.173484375,0.17746875,0,0.194375,0.2084375,0.1803125,0
35,0.44820019602775574,0.19303013392857143,0.19191517857142856,0.19414508928571428,0.46350833773612976,0.20457031249999996,False,0.000375,0.000265625,0.000484375,952,0.000390625,0.0003125,0.00046875,190,0.064875,0.05440625,0.07534375,8,0.055234375,0.0515625,0.05890625,1,0.3314921875,0.3384375,0.324546875,0,0.3498828125,0.360234375,0.33953125,0,0.4493515625,0.450296875,0.44840625,0,0.459375,0.45375,0.465,0,0.15828125,0.156578125,0.159984375,0,0.1812890625,0.195859375,0.16671875,0,0.171359375,0.169921875,0.172796875,0,0.191484375,0.20671875,0.17625,0,0.1754765625,0.1735,0.177453125,0,0.1943359375,0.208203125,0.18046875,0
36,0.44818323850631714,0.19302232142857143,0.1919375,0.19410714285714287,0.46359196305274963,0.20460379464285713,False,0.000375,0.000265625,0.000484375,952,0.000390625,0.0003125,0.00046875,190,0.0648046875,0.054421875,0.0751875,8,0.05515625,0.05140625,0.05890625,1,0.3314375,0.3384375,0.3244375,0,0.3499609375,0.36015625,0.339765625,0,0.4494375,0.45028125,0.44859375,0,0.45953125,0.45375,0.4653125,0,0.158328125,0.156640625,0.160015625,0,0.1812890625,0.19578125,0.166796875,0,0.1713515625,0.169984375,0.17271875,0,0.1915234375,0.20671875,0.176328125,0,0.175421875,0.17353125,0.1773125,0,0.194375,0.20828125,0.18046875,0
37,0.4481523036956787,0.193046875,0.19196875,0.194125,0.4635487198829651,0.20452008928571427,False,0.0003671875,0.00025,0.000484375,953,0.000390625,0.0003125,0.00046875,190,0.0648828125,0.054421875,0.07534375,7,0.05515625,0.05140625,0.05890625,1,0.3315234375,0.3385,0.324546875,0,0.3495703125,0.35984375,0.339296875,0,0.4494140625,0.450421875,0.44840625,0,0.4594140625,0.45375,0.465078125,0,0.15821875,0.156515625,0.159921875,0,0.1811328125,0.195546875,0.16671875,0,0.1714296875,0.17009375,0.172765625,0,0.191484375,0.206875,0.17609375,0,0.1754921875,0.173578125,0.17740625,0,0.1944921875,0.2084375,0.180546875,0
38,0.4481262266635895,0.19304017857142858,0.19196428571428573,0.19411607142857143,0.46338334679603577,0.20459263392857144,False,0.0003671875,0.00025,0.000484375,953,0.000390625,0.0003125,0.00046875,190,0.064859375,0.054421875,0.075296875,7,0.055234375,0.05140625,0.0590625,1,0.3315625,0.3385625,0.3245625,0,0.349609375,0.35984375,0.339375,0,0.4493984375,0.450390625,0.44840625,0,0.459296875,0.45375,0.46484375,0,0.15825,0.1565625,0.1599375,0,0.18125,0.195859375,0.166640625,0,0.17140625,0.17003125,0.17278125,0,0.1916796875,0.207265625,0.17609375,0,0.1754375,0.17353125,0.17734375,0,0.1946875,0.208828125,0.180546875,0
39,0.4481067359447479,0.1930435267857143,0.19196651785714286,0.19412053571428572,0.463431179523468,0.20458147321428571,False,0.000375,0.00025,0.0005,952,0.000390625,0.0003125,0.00046875,190,0.0648203125,0.054359375,0.07528125,7,0.0551953125,0.05140625,0.058984375,1,0.331609375,0.338625,0.32459375,0,0.349609375,0.359921875,0.339296875,0,0.449453125,0.450390625,0.448515625,0,0.459296875,0.45375,0.46484375,0,0.15821875,0.156546875,0.159890625,0,0.18125,0.195859375,0.166640625,0,0.171390625,0.170015625,0.172765625,0,0.191640625,0.2071875,0.17609375,0,0.1754375,0.173578125,0.177296875,0,0.1946875,0.208828125,0.180546875,0
40,0.44808337092399597,0.19302790178571427,0.19195535714285714,0.19410044642857144,0.4633851945400238,0.20457589285714287,False,0.000375,0.00025,0.0005,952,0.000390625,0.0003125,0.00046875,190,0.064828125,0.054359375,0.075296875,7,0.0551953125,0.05140625,0.058984375,1,0.33159375,0.338625,0.3245625,0,0.3496484375,0.359921875,0.339375,0,0.4493984375,0.450359375,0.4484375,0,0.4592578125,0.45375,0.464765625,0,0.15821875,0.15653125,0.15990625,0,0.1812890625,0.195859375,0.16671875,0,0.171375,0.17,0.17275,0,0.1915625,0.2071875,0.1759375,0,0.17540625,0.1735625,0.17725,0,0.1946875,0.208828125,0.180546875,0
