condition,bit_index,subband,ber,zero_ber,is_worst_10,target_one_frequency,predicted_one_frequency
clean,0,LH2,0.01,False,False,0.525,0.535
clean,1,LH2,0.015,False,True,0.45,0.465
clean,2,LH2,0.02,False,True,0.54,0.56
clean,3,LH2,0.01,False,False,0.53,0.54
clean,4,LH2,0.0,True,False,0.5,0.5
clean,5,LH2,0.015,False,True,0.525,0.54
clean,6,LH2,0.01,False,False,0.52,0.51
clean,7,LH2,0.01,False,False,0.52,0.51
clean,8,LH2,0.0,True,False,0.495,0.495
clean,9,LH2,0.0,True,False,0.57,0.57
clean,10,LH2,0.0,True,False,0.545,0.545
clean,11,LH2,0.0,True,False,0.51,0.51
clean,12,LH2,0.0,True,False,0.54,0.54
clean,13,LH2,0.015,False,True,0.475,0.49
clean,14,LH2,0.0,True,False,0.52,0.52
clean,15,LH2,0.01,False,False,0.5,0.51
clean,16,LH2,0.0,True,False,0.5,0.5
clean,17,LH2,0.0,True,False,0.455,0.455
clean,18,LH2,0.0,True,False,0.54,0.54
clean,19,LH2,0.01,False,False,0.52,0.52
clean,20,LH2,0.005,False,False,0.5,0.505
clean,21,LH2,0.0,True,False,0.55,0.55
clean,22,LH2,0.0,True,False,0.485,0.485
clean,23,LH2,0.01,False,False,0.56,0.57
clean,24,LH2,0.005,False,False,0.525,0.53
clean,25,LH2,0.005,False,False,0.475,0.48
clean,26,LH2,0.01,False,False,0.535,0.545
clean,27,LH2,0.01,False,False,0.46,0.47
clean,28,LH2,0.0,True,False,0.58,0.58
clean,29,LH2,0.01,False,False,0.505,0.515
clean,30,LH2,0.01,False,False,0.51,0.51
clean,31,LH2,0.0,True,False,0.46,0.46
clean,32,LH2,0.01,False,False,0.53,0.54
clean,33,LH2,0.01,False,False,0.46,0.47
clean,34,LH2,0.01,False,False,0.44,0.45
clean,35,LH2,0.0,True,False,0.475,0.475
clean,36,LH2,0.0,True,False,0.545,0.545
clean,37,LH2,0.01,False,False,0.47,0.48
clean,38,LH2,0.01,False,False,0.5,0.49
clean,39,LH2,0.0,True,False,0.475,0.475
clean,40,LH2,0.0,True,False,0.495,0.495
clean,41,LH2,0.01,False,False,0.5,0.51
clean,42,LH2,0.0,True,False,0.51,0.51
clean,43,LH2,0.0,True,False,0.475,0.475
clean,44,LH2,0.0,True,False,0.54,0.54
clean,45,LH2,0.01,False,False,0.555,0.545
clean,46,LH2,0.005,False,False,0.415,0.42
clean,47,LH2,0.0,True,False,0.52,0.52
clean,48,LH2,0.0,True,False,0.515,0.515
clean,49,LH2,0.005,False,False,0.56,0.565
clean,50,LH2,0.005,False,False,0.485,0.48
clean,51,LH2,0.0,True,False,0.55,0.55
clean,52,LH2,0.02,False,True,0.525,0.525
clean,53,LH2,0.01,False,False,0.44,0.44
clean,54,LH2,0.015,False,True,0.5,0.515
clean,55,LH2,0.0,True,False,0.475,0.475
clean,56,LH2,0.005,False,False,0.51,0.515
clean,57,LH2,0.0,True,False,0.505,0.505
clean,58,LH2,0.01,False,False,0.51,0.52
clean,59,LH2,0.0,True,False,0.535,0.535
clean,60,LH2,0.01,False,False,0.475,0.475
clean,61,LH2,0.005,False,False,0.515,0.52
clean,62,LH2,0.015,False,True,0.52,0.535
clean,63,LH2,0.015,False,False,0.54,0.555
clean,64,HL2,0.0,True,False,0.525,0.525
clean,65,HL2,0.025,False,True,0.54,0.565
clean,66,HL2,0.015,False,False,0.5,0.515
clean,67,HL2,0.005,False,False,0.495,0.5
clean,68,HL2,0.0,True,False,0.49,0.49
clean,69,HL2,0.0,True,False,0.555,0.555
clean,70,HL2,0.0,True,False,0.58,0.58
clean,71,HL2,0.0,True,False,0.505,0.505
clean,72,HL2,0.005,False,False,0.455,0.46
clean,73,HL2,0.0,True,False,0.485,0.485
clean,74,HL2,0.005,False,False,0.49,0.485
clean,75,HL2,0.005,False,False,0.52,0.525
clean,76,HL2,0.01,False,False,0.57,0.58
clean,77,HL2,0.015,False,False,0.525,0.54
clean,78,HL2,0.005,False,False,0.44,0.445
clean,79,HL2,0.0,True,False,0.53,0.53
clean,80,HL2,0.0,True,False,0.51,0.51
clean,81,HL2,0.005,False,False,0.485,0.49
clean,82,HL2,0.005,False,False,0.525,0.52
clean,83,HL2,0.0,True,False,0.435,0.435
clean,84,HL2,0.0,True,False,0.475,0.475
clean,85,HL2,0.0,True,False,0.495,0.495
clean,86,HL2,0.0,True,False,0.535,0.535
clean,87,HL2,0.0,True,False,0.5,0.5
clean,88,HL2,0.005,False,False,0.51,0.515
clean,89,HL2,0.0,True,False,0.51,0.51
clean,90,HL2,0.005,False,False,0.46,0.465
clean,91,HL2,0.005,False,False,0.46,0.455
clean,92,HL2,0.0,True,False,0.495,0.495
clean,93,HL2,0.0,True,False,0.42,0.42
clean,94,HL2,0.0,True,False,0.535,0.535
clean,95,HL2,0.0,True,False,0.5,0.5
clean,96,HL2,0.005,False,False,0.52,0.525
clean,97,HL2,0.0,True,False,0.52,0.52
clean,98,HL2,0.01,False,False,0.505,0.515
clean,99,HL2,0.0,True,False,0.475,0.475
clean,100,HL2,0.005,False,False,0.59,0.595
clean,101,HL2,0.0,True,False,0.5,0.5
clean,102,HL2,0.005,False,False,0.51,0.515
clean,103,HL2,0.0,True,False,0.45,0.45
clean,104,HL2,0.0,True,False,0.48,0.48
clean,105,HL2,0.0,True,False,0.485,0.485
clean,106,HL2,0.02,False,True,0.48,0.47
clean,107,HL2,0.025,False,True,0.535,0.56
clean,108,HL2,0.005,False,False,0.5,0.495
clean,109,HL2,0.005,False,False,0.555,0.56
clean,110,HL2,0.0,True,False,0.58,0.58
clean,111,HL2,0.01,False,False,0.525,0.535
clean,112,HL2,0.005,False,False,0.465,0.47
clean,113,HL2,0.0,True,False,0.5,0.5
clean,114,HL2,0.0,True,False,0.475,0.475
clean,115,HL2,0.0,True,False,0.495,0.495
clean,116,HL2,0.01,False,False,0.54,0.53
clean,117,HL2,0.005,False,False,0.52,0.515
clean,118,HL2,0.005,False,False,0.54,0.535
clean,119,HL2,0.01,False,False,0.48,0.49
clean,120,HL2,0.015,False,False,0.515,0.52
clean,121,HL2,0.01,False,False,0.535,0.545
clean,122,HL2,0.005,False,False,0.49,0.485
clean,123,HL2,0.01,False,False,0.465,0.475
clean,124,HL2,0.0,True,False,0.55,0.55
clean,125,HL2,0.005,False,False,0.46,0.465
clean,126,HL2,0.0,True,False,0.5,0.5
clean,127,HL2,0.005,False,False,0.51,0.515
jpeg90,0,LH2,0.03,False,False,0.525,0.545
jpeg90,1,LH2,0.04,False,False,0.45,0.46
jpeg90,2,LH2,0.03,False,False,0.54,0.56
jpeg90,3,LH2,0.08,False,False,0.53,0.52
jpeg90,4,LH2,0.07,False,False,0.5,0.53
jpeg90,5,LH2,0.065,False,False,0.525,0.58
jpeg90,6,LH2,0.04,False,False,0.52,0.53
jpeg90,7,LH2,0.055,False,False,0.52,0.515
jpeg90,8,LH2,0.06,False,False,0.495,0.485
jpeg90,9,LH2,0.02,False,False,0.57,0.58
jpeg90,10,LH2,0.045,False,False,0.545,0.58
jpeg90,11,LH2,0.045,False,False,0.51,0.495
jpeg90,12,LH2,0.085,False,False,0.54,0.505
jpeg90,13,LH2,0.06,False,False,0.475,0.475
jpeg90,14,LH2,0.045,False,False,0.52,0.545
jpeg90,15,LH2,0.08,False,False,0.5,0.48
jpeg90,16,LH2,0.04,False,False,0.5,0.49
jpeg90,17,LH2,0.06,False,False,0.455,0.455
jpeg90,18,LH2,0.06,False,False,0.54,0.51
jpeg90,19,LH2,0.04,False,False,0.52,0.51
jpeg90,20,LH2,0.02,False,False,0.5,0.5
jpeg90,21,LH2,0.045,False,False,0.55,0.515
jpeg90,22,LH2,0.04,False,False,0.485,0.475
jpeg90,23,LH2,0.02,False,False,0.56,0.57
jpeg90,24,LH2,0.05,False,False,0.525,0.505
jpeg90,25,LH2,0.01,False,False,0.475,0.485
jpeg90,26,LH2,0.08,False,False,0.535,0.535
jpeg90,27,LH2,0.055,False,False,0.46,0.485
jpeg90,28,LH2,0.07,False,False,0.58,0.56
jpeg90,29,LH2,0.04,False,False,0.505,0.485
jpeg90,30,LH2,0.07,False,False,0.51,0.55
jpeg90,31,LH2,0.055,False,False,0.46,0.445
jpeg90,32,LH2,0.05,False,False,0.53,0.54
jpeg90,33,LH2,0.05,False,False,0.46,0.43
jpeg90,34,LH2,0.08,False,False,0.44,0.4
jpeg90,35,LH2,0.035,False,False,0.475,0.47
jpeg90,36,LH2,0.03,False,False,0.545,0.525
jpeg90,37,LH2,0.09,False,True,0.47,0.49
jpeg90,38,LH2,0.125,False,True,0.5,0.455
jpeg90,39,LH2,0.075,False,False,0.475,0.47
jpeg90,40,LH2,0.04,False,False,0.495,0.475
jpeg90,41,LH2,0.04,False,False,0.5,0.47
jpeg90,42,LH2,0.085,False,False,0.51,0.515
jpeg90,43,LH2,0.065,False,False,0.475,0.49
jpeg90,44,LH2,0.06,False,False,0.54,0.55
jpeg90,45,LH2,0.045,False,False,0.555,0.57
jpeg90,46,LH2,0.05,False,False,0.415,0.455
jpeg90,47,LH2,0.025,False,False,0.52,0.545
jpeg90,48,LH2,0.045,False,False,0.515,0.52
jpeg90,49,LH2,0.04,False,False,0.56,0.59
jpeg90,50,LH2,0.055,False,False,0.485,0.51
jpeg90,51,LH2,0.105,False,True,0.55,0.505
jpeg90,52,LH2,0.05,False,False,0.525,0.525
jpeg90,53,LH2,0.075,False,False,0.44,0.375
jpeg90,54,LH2,0.065,False,False,0.5,0.515
jpeg90,55,LH2,0.045,False,False,0.475,0.47
jpeg90,56,LH2,0.05,False,False,0.51,0.48
jpeg90,57,LH2,0.02,False,False,0.505,0.485
jpeg90,58,LH2,0.045,False,False,0.51,0.505
jpeg90,59,LH2,0.015,False,False,0.535,0.54
jpeg90,60,LH2,0.035,False,False,0.475,0.47
jpeg90,61,LH2,0.045,False,False,0.515,0.51
jpeg90,62,LH2,0.045,False,False,0.52,0.545
jpeg90,63,LH2,0.055,False,False,0.54,0.535
jpeg90,64,HL2,0.015,False,False,0.525,0.52
jpeg90,65,HL2,0.04,False,False,0.54,0.54
jpeg90,66,HL2,0.07,False,False,0.5,0.5
jpeg90,67,HL2,0.05,False,False,0.495,0.475
jpeg90,68,HL2,0.065,False,False,0.49,0.475
jpeg90,69,HL2,0.04,False,False,0.555,0.535
jpeg90,70,HL2,0.03,False,False,0.58,0.59
jpeg90,71,HL2,0.055,False,False,0.505,0.56
jpeg90,72,HL2,0.055,False,False,0.455,0.44
jpeg90,73,HL2,0.035,False,False,0.485,0.49
jpeg90,74,HL2,0.095,False,True,0.49,0.555
jpeg90,75,HL2,0.09,False,True,0.52,0.56
jpeg90,76,HL2,0.04,False,False,0.57,0.56
jpeg90,77,HL2,0.04,False,False,0.525,0.545
jpeg90,78,HL2,0.1,False,True,0.44,0.42
jpeg90,79,HL2,0.035,False,False,0.53,0.535
jpeg90,80,HL2,0.06,False,False,0.51,0.5
jpeg90,81,HL2,0.075,False,False,0.485,0.42
jpeg90,82,HL2,0.09,False,True,0.525,0.555
jpeg90,83,HL2,0.05,False,False,0.435,0.455
jpeg90,84,HL2,0.06,False,False,0.475,0.495
jpeg90,85,HL2,0.065,False,False,0.495,0.53
jpeg90,86,HL2,0.07,False,False,0.535,0.555
jpeg90,87,HL2,0.045,False,False,0.5,0.525
jpeg90,88,HL2,0.05,False,False,0.51,0.51
jpeg90,89,HL2,0.055,False,False,0.51,0.485
jpeg90,90,HL2,0.12,False,True,0.46,0.46
jpeg90,91,HL2,0.065,False,False,0.46,0.465
jpeg90,92,HL2,0.04,False,False,0.495,0.465
jpeg90,93,HL2,0.06,False,False,0.42,0.43
jpeg90,94,HL2,0.06,False,False,0.535,0.535
jpeg90,95,HL2,0.015,False,False,0.5,0.515
jpeg90,96,HL2,0.09,False,True,0.52,0.48
jpeg90,97,HL2,0.045,False,False,0.52,0.515
jpeg90,98,HL2,0.06,False,False,0.505,0.535
jpeg90,99,HL2,0.035,False,False,0.475,0.47
jpeg90,100,HL2,0.07,False,False,0.59,0.57
jpeg90,101,HL2,0.03,False,False,0.5,0.49
jpeg90,102,HL2,0.07,False,False,0.51,0.55
jpeg90,103,HL2,0.045,False,False,0.45,0.455
jpeg90,104,HL2,0.045,False,False,0.48,0.515
jpeg90,105,HL2,0.055,False,False,0.485,0.48
jpeg90,106,HL2,0.065,False,False,0.48,0.455
jpeg90,107,HL2,0.045,False,False,0.535,0.53
jpeg90,108,HL2,0.085,False,False,0.5,0.505
jpeg90,109,HL2,0.045,False,False,0.555,0.53
jpeg90,110,HL2,0.045,False,False,0.58,0.565
jpeg90,111,HL2,0.09,False,True,0.525,0.515
jpeg90,112,HL2,0.035,False,False,0.465,0.49
jpeg90,113,HL2,0.055,False,False,0.5,0.495
jpeg90,114,HL2,0.03,False,False,0.475,0.495
jpeg90,115,HL2,0.055,False,False,0.495,0.48
jpeg90,116,HL2,0.04,False,False,0.54,0.54
jpeg90,117,HL2,0.035,False,False,0.52,0.515
jpeg90,118,HL2,0.045,False,False,0.54,0.565
jpeg90,119,HL2,0.085,False,False,0.48,0.525
jpeg90,120,HL2,0.01,False,False,0.515,0.515
jpeg90,121,HL2,0.035,False,False,0.535,0.52
jpeg90,122,HL2,0.04,False,False,0.49,0.45
jpeg90,123,HL2,0.025,False,False,0.465,0.47
jpeg90,124,HL2,0.035,False,False,0.55,0.575
jpeg90,125,HL2,0.045,False,False,0.46,0.465
jpeg90,126,HL2,0.045,False,False,0.5,0.515
jpeg90,127,HL2,0.02,False,False,0.51,0.52
jpeg70,0,LH2,0.38,False,False,0.525,0.335
jpeg70,1,LH2,0.365,False,False,0.45,0.135
jpeg70,2,LH2,0.43,False,True,0.54,0.16
jpeg70,3,LH2,0.395,False,False,0.53,0.325
jpeg70,4,LH2,0.405,False,False,0.5,0.325
jpeg70,5,LH2,0.435,False,True,0.525,0.38
jpeg70,6,LH2,0.435,False,True,0.52,0.205
jpeg70,7,LH2,0.36,False,False,0.52,0.34
jpeg70,8,LH2,0.42,False,True,0.495,0.365
jpeg70,9,LH2,0.435,False,True,0.57,0.205
jpeg70,10,LH2,0.365,False,False,0.545,0.31
jpeg70,11,LH2,0.3,False,False,0.51,0.37
jpeg70,12,LH2,0.285,False,False,0.54,0.345
jpeg70,13,LH2,0.315,False,False,0.475,0.36
jpeg70,14,LH2,0.33,False,False,0.52,0.39
jpeg70,15,LH2,0.37,False,False,0.5,0.26
jpeg70,16,LH2,0.36,False,False,0.5,0.22
jpeg70,17,LH2,0.36,False,False,0.455,0.165
jpeg70,18,LH2,0.335,False,False,0.54,0.355
jpeg70,19,LH2,0.355,False,False,0.52,0.335
jpeg70,20,LH2,0.295,False,False,0.5,0.395
jpeg70,21,LH2,0.345,False,False,0.55,0.355
jpeg70,22,LH2,0.32,False,False,0.485,0.255
jpeg70,23,LH2,0.3,False,False,0.56,0.41
jpeg70,24,LH2,0.385,False,False,0.525,0.29
jpeg70,25,LH2,0.385,False,False,0.475,0.23
jpeg70,26,LH2,0.38,False,False,0.535,0.335
jpeg70,27,LH2,0.38,False,False,0.46,0.44
jpeg70,28,LH2,0.365,False,False,0.58,0.305
jpeg70,29,LH2,0.37,False,False,0.505,0.205
jpeg70,30,LH2,0.405,False,False,0.51,0.345
jpeg70,31,LH2,0.36,False,False,0.46,0.38
jpeg70,32,LH2,0.36,False,False,0.53,0.24
jpeg70,33,LH2,0.31,False,False,0.46,0.31
jpeg70,34,LH2,0.335,False,False,0.44,0.265
jpeg70,35,LH2,0.275,False,False,0.475,0.39
jpeg70,36,LH2,0.425,False,True,0.545,0.21
jpeg70,37,LH2,0.27,False,False,0.47,0.34
jpeg70,38,LH2,0.31,False,False,0.5,0.37
jpeg70,39,LH2,0.285,False,False,0.475,0.47
jpeg70,40,LH2,0.335,False,False,0.495,0.32
jpeg70,41,LH2,0.32,False,False,0.5,0.36
jpeg70,42,LH2,0.355,False,False,0.51,0.345
jpeg70,43,LH2,0.32,False,False,0.475,0.385
jpeg70,44,LH2,0.4,False,False,0.54,0.35
jpeg70,45,LH2,0.4,False,False,0.555,0.295
jpeg70,46,LH2,0.365,False,False,0.415,0.36
jpeg70,47,LH2,0.375,False,False,0.52,0.255
jpeg70,48,LH2,0.345,False,False,0.515,0.33
jpeg70,49,LH2,0.375,False,False,0.56,0.395
jpeg70,50,LH2,0.29,False,False,0.485,0.355
jpeg70,51,LH2,0.36,False,False,0.55,0.4
jpeg70,52,LH2,0.375,False,False,0.525,0.39
jpeg70,53,LH2,0.36,False,False,0.44,0.31
jpeg70,54,LH2,0.35,False,False,0.5,0.35
jpeg70,55,LH2,0.305,False,False,0.475,0.38
jpeg70,56,LH2,0.32,False,False,0.51,0.38
jpeg70,57,LH2,0.39,False,False,0.505,0.205
jpeg70,58,LH2,0.345,False,False,0.51,0.285
jpeg70,59,LH2,0.365,False,False,0.535,0.4
jpeg70,60,LH2,0.36,False,False,0.475,0.235
jpeg70,61,LH2,0.365,False,False,0.515,0.3
jpeg70,62,LH2,0.43,False,True,0.52,0.19
jpeg70,63,LH2,0.425,False,True,0.54,0.315
jpeg70,64,HL2,0.335,False,False,0.525,0.23
jpeg70,65,HL2,0.375,False,False,0.54,0.275
jpeg70,66,HL2,0.36,False,False,0.5,0.31
jpeg70,67,HL2,0.35,False,False,0.495,0.225
jpeg70,68,HL2,0.305,False,False,0.49,0.335
jpeg70,69,HL2,0.275,False,False,0.555,0.44
jpeg70,70,HL2,0.42,False,True,0.58,0.36
jpeg70,71,HL2,0.345,False,False,0.505,0.36
jpeg70,72,HL2,0.35,False,False,0.455,0.295
jpeg70,73,HL2,0.275,False,False,0.485,0.39
jpeg70,74,HL2,0.36,False,False,0.49,0.46
jpeg70,75,HL2,0.39,False,False,0.52,0.28
jpeg70,76,HL2,0.39,False,False,0.57,0.27
jpeg70,77,HL2,0.335,False,False,0.525,0.3
jpeg70,78,HL2,0.345,False,False,0.44,0.395
jpeg70,79,HL2,0.38,False,False,0.53,0.27
jpeg70,80,HL2,0.36,False,False,0.51,0.38
jpeg70,81,HL2,0.335,False,False,0.485,0.37
jpeg70,82,HL2,0.29,False,False,0.525,0.495
jpeg70,83,HL2,0.335,False,False,0.435,0.42
jpeg70,84,HL2,0.315,False,False,0.475,0.42
jpeg70,85,HL2,0.385,False,False,0.495,0.22
jpeg70,86,HL2,0.35,False,False,0.535,0.435
jpeg70,87,HL2,0.39,False,False,0.5,0.41
jpeg70,88,HL2,0.32,False,False,0.51,0.37
jpeg70,89,HL2,0.31,False,False,0.51,0.34
jpeg70,90,HL2,0.255,False,False,0.46,0.415
jpeg70,91,HL2,0.3,False,False,0.46,0.34
jpeg70,92,HL2,0.27,False,False,0.495,0.425
jpeg70,93,HL2,0.34,False,False,0.42,0.22
jpeg70,94,HL2,0.28,False,False,0.535,0.355
jpeg70,95,HL2,0.365,False,False,0.5,0.245
jpeg70,96,HL2,0.335,False,False,0.52,0.415
jpeg70,97,HL2,0.325,False,False,0.52,0.465
jpeg70,98,HL2,0.375,False,False,0.505,0.34
jpeg70,99,HL2,0.33,False,False,0.475,0.485
jpeg70,100,HL2,0.33,False,False,0.59,0.4
jpeg70,101,HL2,0.325,False,False,0.5,0.325
jpeg70,102,HL2,0.36,False,False,0.51,0.42
jpeg70,103,HL2,0.275,False,False,0.45,0.385
jpeg70,104,HL2,0.34,False,False,0.48,0.34
jpeg70,105,HL2,0.345,False,False,0.485,0.4
jpeg70,106,HL2,0.31,False,False,0.48,0.41
jpeg70,107,HL2,0.35,False,False,0.535,0.265
jpeg70,108,HL2,0.285,False,False,0.5,0.385
jpeg70,109,HL2,0.325,False,False,0.555,0.41
jpeg70,110,HL2,0.345,False,False,0.58,0.335
jpeg70,111,HL2,0.305,False,False,0.525,0.31
jpeg70,112,HL2,0.315,False,False,0.465,0.29
jpeg70,113,HL2,0.275,False,False,0.5,0.365
jpeg70,114,HL2,0.29,False,False,0.475,0.325
jpeg70,115,HL2,0.295,False,False,0.495,0.39
jpeg70,116,HL2,0.355,False,False,0.54,0.315
jpeg70,117,HL2,0.325,False,False,0.52,0.365
jpeg70,118,HL2,0.33,False,False,0.54,0.4
jpeg70,119,HL2,0.325,False,False,0.48,0.445
jpeg70,120,HL2,0.33,False,False,0.515,0.285
jpeg70,121,HL2,0.32,False,False,0.535,0.355
jpeg70,122,HL2,0.32,False,False,0.49,0.25
jpeg70,123,HL2,0.295,False,False,0.465,0.3
jpeg70,124,HL2,0.415,False,True,0.55,0.315
jpeg70,125,HL2,0.255,False,False,0.46,0.345
jpeg70,126,HL2,0.345,False,False,0.5,0.285
jpeg70,127,HL2,0.345,False,False,0.51,0.325
jpeg50,0,LH2,0.51,False,False,0.525,0.205
jpeg50,1,LH2,0.46,False,False,0.45,0.11
jpeg50,2,LH2,0.47,False,False,0.54,0.15
jpeg50,3,LH2,0.455,False,False,0.53,0.235
jpeg50,4,LH2,0.425,False,False,0.5,0.315
jpeg50,5,LH2,0.485,False,False,0.525,0.3
jpeg50,6,LH2,0.485,False,False,0.52,0.185
jpeg50,7,LH2,0.435,False,False,0.52,0.395
jpeg50,8,LH2,0.485,False,False,0.495,0.33
jpeg50,9,LH2,0.505,False,False,0.57,0.105
jpeg50,10,LH2,0.49,False,False,0.545,0.235
jpeg50,11,LH2,0.455,False,False,0.51,0.245
jpeg50,12,LH2,0.425,False,False,0.54,0.285
jpeg50,13,LH2,0.465,False,False,0.475,0.29
jpeg50,14,LH2,0.485,False,False,0.52,0.395
jpeg50,15,LH2,0.46,False,False,0.5,0.23
jpeg50,16,LH2,0.45,False,False,0.5,0.21
jpeg50,17,LH2,0.46,False,False,0.455,0.195
jpeg50,18,LH2,0.435,False,False,0.54,0.325
jpeg50,19,LH2,0.445,False,False,0.52,0.365
jpeg50,20,LH2,0.46,False,False,0.5,0.33
jpeg50,21,LH2,0.42,False,False,0.55,0.32
jpeg50,22,LH2,0.435,False,False,0.485,0.25
jpeg50,23,LH2,0.415,False,False,0.56,0.275
jpeg50,24,LH2,0.49,False,False,0.525,0.275
jpeg50,25,LH2,0.435,False,False,0.475,0.23
jpeg50,26,LH2,0.5,False,False,0.535,0.305
jpeg50,27,LH2,0.445,False,False,0.46,0.345
jpeg50,28,LH2,0.435,False,False,0.58,0.325
jpeg50,29,LH2,0.465,False,False,0.505,0.17
jpeg50,30,LH2,0.455,False,False,0.51,0.455
jpeg50,31,LH2,0.455,False,False,0.46,0.275
jpeg50,32,LH2,0.455,False,False,0.53,0.195
jpeg50,33,LH2,0.4,False,False,0.46,0.35
jpeg50,34,LH2,0.415,False,False,0.44,0.355
jpeg50,35,LH2,0.395,False,False,0.475,0.28
jpeg50,36,LH2,0.495,False,False,0.545,0.15
jpeg50,37,LH2,0.445,False,False,0.47,0.325
jpeg50,38,LH2,0.43,False,False,0.5,0.28
jpeg50,39,LH2,0.44,False,False,0.475,0.365
jpeg50,40,LH2,0.415,False,False,0.495,0.34
jpeg50,41,LH2,0.455,False,False,0.5,0.405
jpeg50,42,LH2,0.415,False,False,0.51,0.395
jpeg50,43,LH2,0.415,False,False,0.475,0.4
jpeg50,44,LH2,0.465,False,False,0.54,0.365
jpeg50,45,LH2,0.475,False,False,0.555,0.23
jpeg50,46,LH2,0.43,False,False,0.415,0.315
jpeg50,47,LH2,0.495,False,False,0.52,0.175
jpeg50,48,LH2,0.46,False,False,0.515,0.235
jpeg50,49,LH2,0.5,False,False,0.56,0.24
jpeg50,50,LH2,0.39,False,False,0.485,0.285
jpeg50,51,LH2,0.47,False,False,0.55,0.35
jpeg50,52,LH2,0.45,False,False,0.525,0.315
jpeg50,53,LH2,0.395,False,False,0.44,0.275
jpeg50,54,LH2,0.48,False,False,0.5,0.35
jpeg50,55,LH2,0.505,False,False,0.475,0.23
jpeg50,56,LH2,0.39,False,False,0.51,0.33
jpeg50,57,LH2,0.515,False,False,0.505,0.15
jpeg50,58,LH2,0.43,False,False,0.51,0.27
jpeg50,59,LH2,0.495,False,False,0.535,0.36
jpeg50,60,LH2,0.435,False,False,0.475,0.25
jpeg50,61,LH2,0.475,False,False,0.515,0.26
jpeg50,62,LH2,0.53,False,True,0.52,0.11
jpeg50,63,LH2,0.5,False,False,0.54,0.25
jpeg50,64,HL2,0.465,False,False,0.525,0.13
jpeg50,65,HL2,0.5,False,False,0.54,0.19
jpeg50,66,HL2,0.465,False,False,0.5,0.275
jpeg50,67,HL2,0.455,False,False,0.495,0.15
jpeg50,68,HL2,0.455,False,False,0.49,0.245
jpeg50,69,HL2,0.425,False,False,0.555,0.37
jpeg50,70,HL2,0.525,False,True,0.58,0.325
jpeg50,71,HL2,0.435,False,False,0.505,0.33
jpeg50,72,HL2,0.455,False,False,0.455,0.22
jpeg50,73,HL2,0.44,False,False,0.485,0.315
jpeg50,74,HL2,0.45,False,False,0.49,0.35
jpeg50,75,HL2,0.485,False,False,0.52,0.205
jpeg50,76,HL2,0.535,False,True,0.57,0.135
jpeg50,77,HL2,0.52,False,True,0.525,0.245
jpeg50,78,HL2,0.5,False,False,0.44,0.35
jpeg50,79,HL2,0.495,False,False,0.53,0.155
jpeg50,80,HL2,0.465,False,False,0.51,0.325
jpeg50,81,HL2,0.435,False,False,0.485,0.37
jpeg50,82,HL2,0.525,False,True,0.525,0.42
jpeg50,83,HL2,0.51,False,False,0.435,0.375
jpeg50,84,HL2,0.42,False,False,0.475,0.395
jpeg50,85,HL2,0.45,False,False,0.495,0.205
jpeg50,86,HL2,0.46,False,False,0.535,0.335
jpeg50,87,HL2,0.43,False,False,0.5,0.38
jpeg50,88,HL2,0.445,False,False,0.51,0.295
jpeg50,89,HL2,0.465,False,False,0.51,0.295
jpeg50,90,HL2,0.535,False,True,0.46,0.365
jpeg50,91,HL2,0.47,False,False,0.46,0.3
jpeg50,92,HL2,0.43,False,False,0.495,0.445
jpeg50,93,HL2,0.46,False,False,0.42,0.2
jpeg50,94,HL2,0.435,False,False,0.535,0.27
jpeg50,95,HL2,0.43,False,False,0.5,0.14
jpeg50,96,HL2,0.465,False,False,0.52,0.285
jpeg50,97,HL2,0.465,False,False,0.52,0.335
jpeg50,98,HL2,0.465,False,False,0.505,0.22
jpeg50,99,HL2,0.37,False,False,0.475,0.395
jpeg50,100,HL2,0.43,False,False,0.59,0.32
jpeg50,101,HL2,0.48,False,False,0.5,0.16
jpeg50,102,HL2,0.52,False,True,0.51,0.25
jpeg50,103,HL2,0.415,False,False,0.45,0.345
jpeg50,104,HL2,0.45,False,False,0.48,0.2
jpeg50,105,HL2,0.53,False,True,0.485,0.345
jpeg50,106,HL2,0.395,False,False,0.48,0.345
jpeg50,107,HL2,0.42,False,False,0.535,0.205
jpeg50,108,HL2,0.43,False,False,0.5,0.3
jpeg50,109,HL2,0.46,False,False,0.555,0.205
jpeg50,110,HL2,0.525,False,True,0.58,0.195
jpeg50,111,HL2,0.515,False,False,0.525,0.28
jpeg50,112,HL2,0.44,False,False,0.465,0.225
jpeg50,113,HL2,0.41,False,False,0.5,0.27
jpeg50,114,HL2,0.395,False,False,0.475,0.23
jpeg50,115,HL2,0.375,False,False,0.495,0.28
jpeg50,116,HL2,0.47,False,False,0.54,0.15
jpeg50,117,HL2,0.415,False,False,0.52,0.315
jpeg50,118,HL2,0.47,False,False,0.54,0.26
jpeg50,119,HL2,0.385,False,False,0.48,0.285
jpeg50,120,HL2,0.43,False,False,0.515,0.195
jpeg50,121,HL2,0.46,False,False,0.535,0.215
jpeg50,122,HL2,0.425,False,False,0.49,0.215
jpeg50,123,HL2,0.44,False,False,0.465,0.175
jpeg50,124,HL2,0.52,False,True,0.55,0.29
jpeg50,125,HL2,0.445,False,False,0.46,0.255
jpeg50,126,HL2,0.485,False,False,0.5,0.115
jpeg50,127,HL2,0.44,False,False,0.51,0.22
reencode1,0,LH2,0.085,False,False,0.525,0.52
reencode1,1,LH2,0.015,False,False,0.45,0.435
reencode1,2,LH2,0.06,False,False,0.54,0.55
reencode1,3,LH2,0.095,False,False,0.53,0.515
reencode1,4,LH2,0.06,False,False,0.5,0.49
reencode1,5,LH2,0.13,False,False,0.525,0.545
reencode1,6,LH2,0.095,False,False,0.52,0.525
reencode1,7,LH2,0.065,False,False,0.52,0.495
reencode1,8,LH2,0.12,False,False,0.495,0.465
reencode1,9,LH2,0.05,False,False,0.57,0.55
reencode1,10,LH2,0.06,False,False,0.545,0.575
reencode1,11,LH2,0.115,False,False,0.51,0.435
reencode1,12,LH2,0.085,False,False,0.54,0.535
reencode1,13,LH2,0.145,False,True,0.475,0.49
reencode1,14,LH2,0.115,False,False,0.52,0.525
reencode1,15,LH2,0.065,False,False,0.5,0.455
reencode1,16,LH2,0.055,False,False,0.5,0.505
reencode1,17,LH2,0.09,False,False,0.455,0.485
reencode1,18,LH2,0.075,False,False,0.54,0.505
reencode1,19,LH2,0.11,False,False,0.52,0.51
reencode1,20,LH2,0.17,False,True,0.5,0.5
reencode1,21,LH2,0.075,False,False,0.55,0.535
reencode1,22,LH2,0.075,False,False,0.485,0.49
reencode1,23,LH2,0.085,False,False,0.56,0.585
reencode1,24,LH2,0.04,False,False,0.525,0.525
reencode1,25,LH2,0.02,False,False,0.475,0.475
reencode1,26,LH2,0.08,False,False,0.535,0.495
reencode1,27,LH2,0.155,False,True,0.46,0.535
reencode1,28,LH2,0.11,False,False,0.58,0.54
reencode1,29,LH2,0.045,False,False,0.505,0.49
reencode1,30,LH2,0.17,False,True,0.51,0.54
reencode1,31,LH2,0.085,False,False,0.46,0.485
reencode1,32,LH2,0.07,False,False,0.53,0.56
reencode1,33,LH2,0.08,False,False,0.46,0.42
reencode1,34,LH2,0.105,False,False,0.44,0.455
reencode1,35,LH2,0.085,False,False,0.475,0.45
reencode1,36,LH2,0.075,False,False,0.545,0.48
reencode1,37,LH2,0.13,False,False,0.47,0.49
reencode1,38,LH2,0.15,False,True,0.5,0.47
reencode1,39,LH2,0.13,False,False,0.475,0.435
reencode1,40,LH2,0.115,False,False,0.495,0.5
reencode1,41,LH2,0.11,False,False,0.5,0.52
reencode1,42,LH2,0.105,False,False,0.51,0.545
reencode1,43,LH2,0.075,False,False,0.475,0.49
reencode1,44,LH2,0.13,False,False,0.54,0.55
reencode1,45,LH2,0.07,False,False,0.555,0.535
reencode1,46,LH2,0.115,False,False,0.415,0.47
reencode1,47,LH2,0.08,False,False,0.52,0.52
reencode1,48,LH2,0.11,False,False,0.515,0.515
reencode1,49,LH2,0.035,False,False,0.56,0.565
reencode1,50,LH2,0.075,False,False,0.485,0.47
reencode1,51,LH2,0.12,False,False,0.55,0.54
reencode1,52,LH2,0.16,False,True,0.525,0.485
reencode1,53,LH2,0.165,False,True,0.44,0.445
reencode1,54,LH2,0.055,False,False,0.5,0.495
reencode1,55,LH2,0.075,False,False,0.475,0.47
reencode1,56,LH2,0.09,False,False,0.51,0.48
reencode1,57,LH2,0.045,False,False,0.505,0.48
reencode1,58,LH2,0.075,False,False,0.51,0.495
reencode1,59,LH2,0.05,False,False,0.535,0.545
reencode1,60,LH2,0.075,False,False,0.475,0.48
reencode1,61,LH2,0.11,False,False,0.515,0.525
reencode1,62,LH2,0.02,False,False,0.52,0.53
reencode1,63,LH2,0.105,False,False,0.54,0.545
reencode1,64,HL2,0.015,False,False,0.525,0.54
reencode1,65,HL2,0.07,False,False,0.54,0.53
reencode1,66,HL2,0.14,False,False,0.5,0.53
reencode1,67,HL2,0.055,False,False,0.495,0.51
reencode1,68,HL2,0.1,False,False,0.49,0.54
reencode1,69,HL2,0.105,False,False,0.555,0.52
reencode1,70,HL2,0.105,False,False,0.58,0.535
reencode1,71,HL2,0.055,False,False,0.505,0.51
reencode1,72,HL2,0.085,False,False,0.455,0.51
reencode1,73,HL2,0.13,False,False,0.485,0.455
reencode1,74,HL2,0.12,False,False,0.49,0.51
reencode1,75,HL2,0.085,False,False,0.52,0.525
reencode1,76,HL2,0.09,False,False,0.57,0.62
reencode1,77,HL2,0.045,False,False,0.525,0.52
reencode1,78,HL2,0.155,False,True,0.44,0.425
reencode1,79,HL2,0.05,False,False,0.53,0.51
reencode1,80,HL2,0.15,False,True,0.51,0.48
reencode1,81,HL2,0.13,False,False,0.485,0.465
reencode1,82,HL2,0.135,False,False,0.525,0.55
reencode1,83,HL2,0.11,False,False,0.435,0.435
reencode1,84,HL2,0.125,False,False,0.475,0.5
reencode1,85,HL2,0.095,False,False,0.495,0.5
reencode1,86,HL2,0.075,False,False,0.535,0.54
reencode1,87,HL2,0.125,False,False,0.5,0.495
reencode1,88,HL2,0.125,False,False,0.51,0.525
reencode1,89,HL2,0.11,False,False,0.51,0.46
reencode1,90,HL2,0.115,False,False,0.46,0.465
reencode1,91,HL2,0.11,False,False,0.46,0.43
reencode1,92,HL2,0.145,False,False,0.495,0.5
reencode1,93,HL2,0.1,False,False,0.42,0.45
reencode1,94,HL2,0.105,False,False,0.535,0.48
reencode1,95,HL2,0.045,False,False,0.5,0.505
reencode1,96,HL2,0.11,False,False,0.52,0.53
reencode1,97,HL2,0.12,False,False,0.52,0.48
reencode1,98,HL2,0.105,False,False,0.505,0.53
reencode1,99,HL2,0.095,False,False,0.475,0.45
reencode1,100,HL2,0.1,False,False,0.59,0.57
reencode1,101,HL2,0.075,False,False,0.5,0.515
reencode1,102,HL2,0.095,False,False,0.51,0.525
reencode1,103,HL2,0.13,False,False,0.45,0.47
reencode1,104,HL2,0.055,False,False,0.48,0.505
reencode1,105,HL2,0.12,False,False,0.485,0.475
reencode1,106,HL2,0.105,False,False,0.48,0.525
reencode1,107,HL2,0.065,False,False,0.535,0.57
reencode1,108,HL2,0.17,False,True,0.5,0.45
reencode1,109,HL2,0.08,False,False,0.555,0.515
reencode1,110,HL2,0.135,False,False,0.58,0.545
reencode1,111,HL2,0.115,False,False,0.525,0.5
reencode1,112,HL2,0.055,False,False,0.465,0.45
reencode1,113,HL2,0.13,False,False,0.5,0.5
reencode1,114,HL2,0.08,False,False,0.475,0.475
reencode1,115,HL2,0.08,False,False,0.495,0.515
reencode1,116,HL2,0.065,False,False,0.54,0.515
reencode1,117,HL2,0.11,False,False,0.52,0.53
reencode1,118,HL2,0.1,False,False,0.54,0.49
reencode1,119,HL2,0.095,False,False,0.48,0.485
reencode1,120,HL2,0.075,False,False,0.515,0.49
reencode1,121,HL2,0.065,False,False,0.535,0.58
reencode1,122,HL2,0.055,False,False,0.49,0.445
reencode1,123,HL2,0.035,False,False,0.465,0.48
reencode1,124,HL2,0.085,False,False,0.55,0.545
reencode1,125,HL2,0.08,False,False,0.46,0.47
reencode1,126,HL2,0.05,False,False,0.5,0.49
reencode1,127,HL2,0.08,False,False,0.51,0.52
reencode2,0,LH2,0.095,False,False,0.525,0.53
reencode2,1,LH2,0.035,False,False,0.45,0.435
reencode2,2,LH2,0.06,False,False,0.54,0.55
reencode2,3,LH2,0.105,False,False,0.53,0.525
reencode2,4,LH2,0.09,False,False,0.5,0.51
reencode2,5,LH2,0.165,False,True,0.525,0.55
reencode2,6,LH2,0.1,False,False,0.52,0.54
reencode2,7,LH2,0.08,False,False,0.52,0.52
reencode2,8,LH2,0.135,False,False,0.495,0.47
reencode2,9,LH2,0.04,False,False,0.57,0.55
reencode2,10,LH2,0.06,False,False,0.545,0.555
reencode2,11,LH2,0.12,False,False,0.51,0.43
reencode2,12,LH2,0.105,False,False,0.54,0.515
reencode2,13,LH2,0.165,False,True,0.475,0.47
reencode2,14,LH2,0.12,False,False,0.52,0.5
reencode2,15,LH2,0.1,False,False,0.5,0.45
reencode2,16,LH2,0.065,False,False,0.5,0.505
reencode2,17,LH2,0.08,False,False,0.455,0.475
reencode2,18,LH2,0.11,False,False,0.54,0.5
reencode2,19,LH2,0.125,False,False,0.52,0.515
reencode2,20,LH2,0.195,False,True,0.5,0.545
reencode2,21,LH2,0.08,False,False,0.55,0.5
reencode2,22,LH2,0.1,False,False,0.485,0.475
reencode2,23,LH2,0.1,False,False,0.56,0.58
reencode2,24,LH2,0.05,False,False,0.525,0.525
reencode2,25,LH2,0.03,False,False,0.475,0.475
reencode2,26,LH2,0.11,False,False,0.535,0.485
reencode2,27,LH2,0.175,False,True,0.46,0.535
reencode2,28,LH2,0.155,False,False,0.58,0.505
reencode2,29,LH2,0.045,False,False,0.505,0.5
reencode2,30,LH2,0.185,False,True,0.51,0.545
reencode2,31,LH2,0.1,False,False,0.46,0.46
reencode2,32,LH2,0.065,False,False,0.53,0.565
reencode2,33,LH2,0.125,False,False,0.46,0.465
reencode2,34,LH2,0.135,False,False,0.44,0.455
reencode2,35,LH2,0.09,False,False,0.475,0.445
reencode2,36,LH2,0.085,False,False,0.545,0.49
reencode2,37,LH2,0.14,False,False,0.47,0.49
reencode2,38,LH2,0.18,False,True,0.5,0.47
reencode2,39,LH2,0.16,False,False,0.475,0.455
reencode2,40,LH2,0.13,False,False,0.495,0.515
reencode2,41,LH2,0.12,False,False,0.5,0.5
reencode2,42,LH2,0.135,False,False,0.51,0.495
reencode2,43,LH2,0.065,False,False,0.475,0.47
reencode2,44,LH2,0.12,False,False,0.54,0.53
reencode2,45,LH2,0.075,False,False,0.555,0.54
reencode2,46,LH2,0.12,False,False,0.415,0.485
reencode2,47,LH2,0.07,False,False,0.52,0.51
reencode2,48,LH2,0.115,False,False,0.515,0.52
reencode2,49,LH2,0.08,False,False,0.56,0.59
reencode2,50,LH2,0.1,False,False,0.485,0.475
reencode2,51,LH2,0.13,False,False,0.55,0.53
reencode2,52,LH2,0.17,False,True,0.525,0.475
reencode2,53,LH2,0.19,False,True,0.44,0.42
reencode2,54,LH2,0.075,False,False,0.5,0.495
reencode2,55,LH2,0.095,False,False,0.475,0.49
reencode2,56,LH2,0.11,False,False,0.51,0.46
reencode2,57,LH2,0.055,False,False,0.505,0.48
reencode2,58,LH2,0.075,False,False,0.51,0.495
reencode2,59,LH2,0.045,False,False,0.535,0.55
reencode2,60,LH2,0.1,False,False,0.475,0.495
reencode2,61,LH2,0.135,False,False,0.515,0.53
reencode2,62,LH2,0.02,False,False,0.52,0.53
reencode2,63,LH2,0.105,False,False,0.54,0.545
reencode2,64,HL2,0.025,False,False,0.525,0.53
reencode2,65,HL2,0.065,False,False,0.54,0.535
reencode2,66,HL2,0.135,False,False,0.5,0.535
reencode2,67,HL2,0.07,False,False,0.495,0.505
reencode2,68,HL2,0.095,False,False,0.49,0.515
reencode2,69,HL2,0.12,False,False,0.555,0.515
reencode2,70,HL2,0.105,False,False,0.58,0.545
reencode2,71,HL2,0.11,False,False,0.505,0.495
reencode2,72,HL2,0.08,False,False,0.455,0.505
reencode2,73,HL2,0.155,False,False,0.485,0.42
reencode2,74,HL2,0.15,False,False,0.49,0.51
reencode2,75,HL2,0.08,False,False,0.52,0.52
reencode2,76,HL2,0.095,False,False,0.57,0.625
reencode2,77,HL2,0.05,False,False,0.525,0.515
reencode2,78,HL2,0.155,False,False,0.44,0.445
reencode2,79,HL2,0.05,False,False,0.53,0.5
reencode2,80,HL2,0.18,False,True,0.51,0.48
reencode2,81,HL2,0.145,False,False,0.485,0.5
reencode2,82,HL2,0.15,False,False,0.525,0.535
reencode2,83,HL2,0.13,False,False,0.435,0.455
reencode2,84,HL2,0.14,False,False,0.475,0.475
reencode2,85,HL2,0.105,False,False,0.495,0.49
reencode2,86,HL2,0.095,False,False,0.535,0.54
reencode2,87,HL2,0.12,False,False,0.5,0.5
reencode2,88,HL2,0.135,False,False,0.51,0.525
reencode2,89,HL2,0.11,False,False,0.51,0.45
reencode2,90,HL2,0.155,False,False,0.46,0.445
reencode2,91,HL2,0.13,False,False,0.46,0.46
reencode2,92,HL2,0.17,False,True,0.495,0.495
reencode2,93,HL2,0.08,False,False,0.42,0.44
reencode2,94,HL2,0.105,False,False,0.535,0.5
reencode2,95,HL2,0.045,False,False,0.5,0.505
reencode2,96,HL2,0.13,False,False,0.52,0.51
reencode2,97,HL2,0.12,False,False,0.52,0.48
reencode2,98,HL2,0.105,False,False,0.505,0.53
reencode2,99,HL2,0.12,False,False,0.475,0.475
reencode2,100,HL2,0.135,False,False,0.59,0.575
reencode2,101,HL2,0.075,False,False,0.5,0.515
reencode2,102,HL2,0.115,False,False,0.51,0.505
reencode2,103,HL2,0.115,False,False,0.45,0.455
reencode2,104,HL2,0.06,False,False,0.48,0.51
reencode2,105,HL2,0.13,False,False,0.485,0.465
reencode2,106,HL2,0.125,False,False,0.48,0.525
reencode2,107,HL2,0.09,False,False,0.535,0.555
reencode2,108,HL2,0.16,False,False,0.5,0.45
reencode2,109,HL2,0.07,False,False,0.555,0.525
reencode2,110,HL2,0.135,False,False,0.58,0.545
reencode2,111,HL2,0.11,False,False,0.525,0.495
reencode2,112,HL2,0.085,False,False,0.465,0.48
reencode2,113,HL2,0.13,False,False,0.5,0.5
reencode2,114,HL2,0.085,False,False,0.475,0.49
reencode2,115,HL2,0.115,False,False,0.495,0.52
reencode2,116,HL2,0.095,False,False,0.54,0.495
reencode2,117,HL2,0.125,False,False,0.52,0.525
reencode2,118,HL2,0.135,False,False,0.54,0.495
reencode2,119,HL2,0.095,False,False,0.48,0.495
reencode2,120,HL2,0.085,False,False,0.515,0.5
reencode2,121,HL2,0.075,False,False,0.535,0.57
reencode2,122,HL2,0.075,False,False,0.49,0.425
reencode2,123,HL2,0.05,False,False,0.465,0.495
reencode2,124,HL2,0.075,False,False,0.55,0.555
reencode2,125,HL2,0.1,False,False,0.46,0.48
reencode2,126,HL2,0.055,False,False,0.5,0.495
reencode2,127,HL2,0.075,False,False,0.51,0.515
reencode3,0,LH2,0.095,False,False,0.525,0.53
reencode3,1,LH2,0.045,False,False,0.45,0.445
reencode3,2,LH2,0.06,False,False,0.54,0.55
reencode3,3,LH2,0.12,False,False,0.53,0.53
reencode3,4,LH2,0.095,False,False,0.5,0.505
reencode3,5,LH2,0.16,False,False,0.525,0.555
reencode3,6,LH2,0.11,False,False,0.52,0.53
reencode3,7,LH2,0.09,False,False,0.52,0.5
reencode3,8,LH2,0.14,False,False,0.495,0.475
reencode3,9,LH2,0.055,False,False,0.57,0.535
reencode3,10,LH2,0.075,False,False,0.545,0.57
reencode3,11,LH2,0.13,False,False,0.51,0.42
reencode3,12,LH2,0.11,False,False,0.54,0.52
reencode3,13,LH2,0.17,False,True,0.475,0.475
reencode3,14,LH2,0.14,False,False,0.52,0.51
reencode3,15,LH2,0.11,False,False,0.5,0.45
reencode3,16,LH2,0.07,False,False,0.5,0.5
reencode3,17,LH2,0.09,False,False,0.455,0.485
reencode3,18,LH2,0.1,False,False,0.54,0.52
reencode3,19,LH2,0.125,False,False,0.52,0.525
reencode3,20,LH2,0.175,False,True,0.5,0.525
reencode3,21,LH2,0.085,False,False,0.55,0.505
reencode3,22,LH2,0.1,False,False,0.485,0.475
reencode3,23,LH2,0.11,False,False,0.56,0.59
reencode3,24,LH2,0.06,False,False,0.525,0.535
reencode3,25,LH2,0.04,False,False,0.475,0.465
reencode3,26,LH2,0.11,False,False,0.535,0.485
reencode3,27,LH2,0.14,False,False,0.46,0.5
reencode3,28,LH2,0.155,False,False,0.58,0.515
reencode3,29,LH2,0.065,False,False,0.505,0.51
reencode3,30,LH2,0.175,False,True,0.51,0.535
reencode3,31,LH2,0.1,False,False,0.46,0.45
reencode3,32,LH2,0.09,False,False,0.53,0.58
reencode3,33,LH2,0.11,False,False,0.46,0.43
reencode3,34,LH2,0.125,False,False,0.44,0.435
reencode3,35,LH2,0.09,False,False,0.475,0.445
reencode3,36,LH2,0.085,False,False,0.545,0.49
reencode3,37,LH2,0.15,False,False,0.47,0.5
reencode3,38,LH2,0.16,False,False,0.5,0.48
reencode3,39,LH2,0.18,False,True,0.475,0.445
reencode3,40,LH2,0.125,False,False,0.495,0.49
reencode3,41,LH2,0.12,False,False,0.5,0.51
reencode3,42,LH2,0.145,False,False,0.51,0.485
reencode3,43,LH2,0.07,False,False,0.475,0.475
reencode3,44,LH2,0.13,False,False,0.54,0.53
reencode3,45,LH2,0.085,False,False,0.555,0.53
reencode3,46,LH2,0.125,False,False,0.415,0.48
reencode3,47,LH2,0.07,False,False,0.52,0.51
reencode3,48,LH2,0.135,False,False,0.515,0.51
reencode3,49,LH2,0.095,False,False,0.56,0.575
reencode3,50,LH2,0.1,False,False,0.485,0.475
reencode3,51,LH2,0.115,False,False,0.55,0.525
reencode3,52,LH2,0.175,False,True,0.525,0.47
reencode3,53,LH2,0.19,False,True,0.44,0.41
reencode3,54,LH2,0.075,False,False,0.5,0.495
reencode3,55,LH2,0.095,False,False,0.475,0.49
reencode3,56,LH2,0.11,False,False,0.51,0.47
reencode3,57,LH2,0.05,False,False,0.505,0.475
reencode3,58,LH2,0.08,False,False,0.51,0.49
reencode3,59,LH2,0.055,False,False,0.535,0.56
reencode3,60,LH2,0.11,False,False,0.475,0.505
reencode3,61,LH2,0.135,False,False,0.515,0.53
reencode3,62,LH2,0.025,False,False,0.52,0.535
reencode3,63,LH2,0.105,False,False,0.54,0.535
reencode3,64,HL2,0.035,False,False,0.525,0.54
reencode3,65,HL2,0.065,False,False,0.54,0.535
reencode3,66,HL2,0.14,False,False,0.5,0.53
reencode3,67,HL2,0.075,False,False,0.495,0.5
reencode3,68,HL2,0.105,False,False,0.49,0.505
reencode3,69,HL2,0.105,False,False,0.555,0.53
reencode3,70,HL2,0.095,False,False,0.58,0.535
reencode3,71,HL2,0.13,False,False,0.505,0.515
reencode3,72,HL2,0.09,False,False,0.455,0.475
reencode3,73,HL2,0.15,False,False,0.485,0.425
reencode3,74,HL2,0.15,False,False,0.49,0.51
reencode3,75,HL2,0.075,False,False,0.52,0.525
reencode3,76,HL2,0.09,False,False,0.57,0.61
reencode3,77,HL2,0.065,False,False,0.525,0.52
reencode3,78,HL2,0.17,False,True,0.44,0.44
reencode3,79,HL2,0.065,False,False,0.53,0.505
reencode3,80,HL2,0.17,False,True,0.51,0.49
reencode3,81,HL2,0.155,False,False,0.485,0.49
reencode3,82,HL2,0.15,False,False,0.525,0.535
reencode3,83,HL2,0.14,False,False,0.435,0.455
reencode3,84,HL2,0.125,False,False,0.475,0.49
reencode3,85,HL2,0.12,False,False,0.495,0.485
reencode3,86,HL2,0.11,False,False,0.535,0.525
reencode3,87,HL2,0.115,False,False,0.5,0.515
reencode3,88,HL2,0.13,False,False,0.51,0.53
reencode3,89,HL2,0.1,False,False,0.51,0.46
reencode3,90,HL2,0.165,False,False,0.46,0.445
reencode3,91,HL2,0.135,False,False,0.46,0.465
reencode3,92,HL2,0.165,False,False,0.495,0.49
reencode3,93,HL2,0.095,False,False,0.42,0.435
reencode3,94,HL2,0.08,False,False,0.535,0.505
reencode3,95,HL2,0.06,False,False,0.5,0.5
reencode3,96,HL2,0.135,False,False,0.52,0.505
reencode3,97,HL2,0.17,False,True,0.52,0.48
reencode3,98,HL2,0.11,False,False,0.505,0.535
reencode3,99,HL2,0.12,False,False,0.475,0.455
reencode3,100,HL2,0.115,False,False,0.59,0.575
reencode3,101,HL2,0.075,False,False,0.5,0.515
reencode3,102,HL2,0.13,False,False,0.51,0.51
reencode3,103,HL2,0.14,False,False,0.45,0.47
reencode3,104,HL2,0.06,False,False,0.48,0.51
reencode3,105,HL2,0.13,False,False,0.485,0.465
reencode3,106,HL2,0.12,False,False,0.48,0.52
reencode3,107,HL2,0.095,False,False,0.535,0.55
reencode3,108,HL2,0.175,False,True,0.5,0.445
reencode3,109,HL2,0.075,False,False,0.555,0.52
reencode3,110,HL2,0.135,False,False,0.58,0.545
reencode3,111,HL2,0.12,False,False,0.525,0.485
reencode3,112,HL2,0.085,False,False,0.465,0.48
reencode3,113,HL2,0.135,False,False,0.5,0.505
reencode3,114,HL2,0.1,False,False,0.475,0.495
reencode3,115,HL2,0.135,False,False,0.495,0.52
reencode3,116,HL2,0.11,False,False,0.54,0.51
reencode3,117,HL2,0.115,False,False,0.52,0.535
reencode3,118,HL2,0.12,False,False,0.54,0.5
reencode3,119,HL2,0.105,False,False,0.48,0.505
reencode3,120,HL2,0.09,False,False,0.515,0.495
reencode3,121,HL2,0.075,False,False,0.535,0.57
reencode3,122,HL2,0.07,False,False,0.49,0.43
reencode3,123,HL2,0.06,False,False,0.465,0.485
reencode3,124,HL2,0.08,False,False,0.55,0.56
reencode3,125,HL2,0.09,False,False,0.46,0.49
reencode3,126,HL2,0.05,False,False,0.5,0.49
reencode3,127,HL2,0.07,False,False,0.51,0.53
