condition,subband,offset_row,offset_column,training_ber,validation_ber,validation_false_zero_count,validation_false_one_count,median_absolute_displacement_from_clean_center,mean_absolute_displacement_from_clean_center,median_circular_phase_displacement_from_clean_center,mean_circular_phase_displacement_from_clean_center,overlap_coefficient,total_variation_distance,jensen_shannon_divergence_bits,target0_phase_mean,target0_phase_std,target1_phase_mean,target1_phase_std
resize25,LH2,-1,-1,0.49615625,0.501171875,4955,1460,8.25,20.6402530670166,0.2395833283662796,0.22030355036258698,0.9473686652505142,0.0526313347494857,0.004151027217957086,0.3545832335948944,0.36771291494369507,0.35932689905166626,0.3670869469642639
resize25,LH2,-1,0,0.49975,0.5015625,4985,1435,8.25,20.184648513793945,0.2395833283662796,0.22013671696186066,0.9404648492288086,0.05953515077119158,0.0040870586997412955,0.34316486120224,0.3646078407764435,0.3482641875743866,0.36452099680900574
resize25,LH2,-1,1,0.498890625,0.507421875,5010,1485,8.5,20.2952938079834,0.25,0.22256267070770264,0.957792544912142,0.042207455087858003,0.002828421330944489,0.35466089844703674,0.36790624260902405,0.3601107895374298,0.37101510167121887
resize25,LH2,0,-1,0.498,0.501640625,4985,1436,8.25,18.95101547241211,0.2395833283662796,0.22094237804412842,0.943373001814195,0.05662699818580509,0.003847600097260374,0.36278000473976135,0.37219899892807007,0.3708817660808563,0.37402892112731934
resize25,LH2,0,0,0.49865625,0.506640625,5017,1468,6.75,14.984844207763672,0.24999994039535522,0.22177083790302277,0.9339862305605056,0.06601376943949455,0.005653061898654655,0.35067570209503174,0.366605281829834,0.3637048304080963,0.37043625116348267
resize25,LH2,0,1,0.499015625,0.50953125,5005,1517,8.0,18.87970733642578,0.2499999850988388,0.22248779237270355,0.9412920939763317,0.05870790602366824,0.0045915091154028215,0.3522079586982727,0.3644154667854309,0.3647148013114929,0.36969849467277527
resize25,LH2,1,-1,0.498,0.498515625,4932,1449,8.5,20.773574829101562,0.2395833283662796,0.21999268233776093,0.9380301474984516,0.06196985250154846,0.004934821532217073,0.3527253270149231,0.36706775426864624,0.3548608124256134,0.3655138909816742
resize25,LH2,1,0,0.49715625,0.50421875,4979,1475,8.25,20.61996078491211,0.24999994039535522,0.2215576171875,0.9303800139075579,0.06961998609244219,0.005425483632874805,0.3505798578262329,0.36607009172439575,0.3814058303833008,0.37596648931503296
resize25,LH2,1,1,0.498625,0.50140625,5008,1410,8.25,20.553613662719727,0.23958349227905273,0.22101318836212158,0.9499833896600169,0.05001661033998304,0.004091856500417082,0.34442272782325745,0.365011066198349,0.35440388321876526,0.3680933713912964
resize25,HL2,-1,-1,0.502921875,0.5046875,5000,1460,8.25,22.001953125,0.23958349227905273,0.22020508348941803,0.9439060858043282,0.056093914195671946,0.004479848678390656,0.3414395749568939,0.36587056517601013,0.32333099842071533,0.36046871542930603
resize25,HL2,-1,0,0.503578125,0.50859375,4989,1521,7.5,19.258007049560547,0.24999994039535522,0.21902181208133698,0.9523306548429362,0.047669345157063725,0.003806172989666131,0.33077970147132874,0.3598061203956604,0.3391357660293579,0.3658590316772461
resize25,HL2,-1,1,0.5040625,0.502734375,5015,1420,8.0,21.527870178222656,0.23958337306976318,0.21763916313648224,0.9458782620364511,0.05412173796354889,0.00460269486490556,0.33344340324401855,0.36400631070137024,0.34691646695137024,0.3696801960468292
resize25,HL2,0,-1,0.50521875,0.5046875,5009,1451,7.75,21.766620635986328,0.2395833283662796,0.21839924156665802,0.9492283710636897,0.05077162893631035,0.004028402795251163,0.33374249935150146,0.363224595785141,0.3211270570755005,0.35951220989227295
resize25,HL2,0,0,0.501328125,0.5059375,5010,1466,6.75,16.509471893310547,0.24999994039535522,0.21890705823898315,0.9393033727502441,0.060696627249755775,0.005495848581719013,0.33435049653053284,0.3623404800891876,0.334118515253067,0.36446845531463623
resize25,HL2,0,1,0.504609375,0.508359375,4997,1510,8.0,21.605058670043945,0.2499999701976776,0.21872802078723907,0.9343444994111892,0.06565550058881081,0.006209665161264957,0.3366248309612274,0.36400049924850464,0.3551904559135437,0.37218722701072693
resize25,HL2,1,-1,0.500140625,0.508359375,5073,1434,7.75,21.441015243530273,0.25,0.2203710973262787,0.9484161390735716,0.0515838609264284,0.0044347134403935565,0.33857205510139465,0.3650986850261688,0.33030393719673157,0.36550936102867126
resize25,HL2,1,0,0.50234375,0.50390625,5011,1439,7.25,18.97689437866211,0.23958337306976318,0.21850994229316711,0.9506337477581887,0.049366252241811334,0.004318967020296631,0.3373100161552429,0.3654049038887024,0.32256677746772766,0.3602725863456726
resize25,HL2,1,1,0.501484375,0.50671875,5043,1443,8.0,21.32845687866211,0.25,0.21982665359973907,0.9512879819966067,0.04871201800339335,0.0036974605721093057,0.34341809153556824,0.36678871512413025,0.33326074481010437,0.3647998571395874
resize25,combined,-1,-1,0.4995390625,0.5029296875,9955,2920,8.25,21.321104049682617,0.23958337306976318,0.2202543318271637,0.9644125507427692,0.035587449257230654,0.0022850534239289917,0.3479921519756317,0.36684906482696533,0.34138035774230957,0.36424726247787476
resize25,combined,-1,0,0.5016640625,0.505078125,9974,2956,8.0,19.721328735351562,0.2395833283662796,0.21957926452159882,0.9620663085836628,0.03793369141633727,0.0016615115402810765,0.33695414662361145,0.3622608482837677,0.34371304512023926,0.3652172386646271
resize25,combined,-1,1,0.5014765625,0.505078125,10025,2905,8.25,20.911582946777344,0.2499999701976776,0.22010089457035065,0.9653383222541803,0.03466167774581967,0.0019112384704060605,0.3440210819244385,0.3661094903945923,0.35353243350982666,0.37040889263153076
resize25,combined,0,-1,0.501609375,0.5031640625,9994,2887,8.0,20.35881805419922,0.2395833283662796,0.21967081725597382,0.9598969064556403,0.04010309354435969,0.0019581428248222157,0.34821873903274536,0.36801254749298096,0.3460754156112671,0.3677056133747101
resize25,combined,0,0,0.4999921875,0.5062890625,10027,2934,6.75,15.74715805053711,0.24999994039535522,0.22033894062042236,0.9492323702609409,0.050767629739059045,0.003061878462649362,0.34248921275138855,0.36456426978111267,0.34895390272140503,0.36777061223983765
resize25,combined,0,1,0.5018125,0.5089453125,10002,3027,8.0,20.242382049560547,0.2499999701976776,0.2206079065799713,0.9472163243157656,0.05278367568423445,0.0036733104439743685,0.34439361095428467,0.3642907738685608,0.3599661886692047,0.3709719479084015
resize25,combined,1,-1,0.4990703125,0.5034375,10005,2883,8.25,21.1072940826416,0.23958346247673035,0.2201818823814392,0.9582603624281161,0.04173963757188388,0.0025751702362286294,0.34562796354293823,0.36615005135536194,0.3426174223423004,0.3657177984714508
resize25,combined,1,0,0.49975,0.5040625,9990,2914,7.75,19.79842758178711,0.23958340287208557,0.22003376483917236,0.9571077370648238,0.04289226293517617,0.0024473224695311492,0.34392550587654114,0.36579686403274536,0.35207033157348633,0.36939892172813416
resize25,combined,1,1,0.5000546875,0.5040625,10051,2853,8.0,20.9410343170166,0.24999994039535522,0.22041992843151093,0.9676115978320605,0.03238840216793949,0.0017708306218216588,0.34391894936561584,0.36590391397476196,0.34386253356933594,0.3666074573993683
resize50,LH2,-1,-1,0.499265625,0.50515625,5202,1264,8.375,23.271446228027344,0.25,0.22028808295726776,0.9500942066591982,0.04990579334080186,0.0034970752687852663,0.3276456296443939,0.3718487620353699,0.3332323431968689,0.37355276942253113
resize50,LH2,-1,0,0.494546875,0.498671875,5169,1214,8.25,24.3455867767334,0.23958343267440796,0.21803385019302368,0.8385166287525034,0.16148337124749662,0.032732129057385234,0.32164064049720764,0.3703896701335907,0.4254995286464691,0.39800959825515747
resize50,LH2,-1,1,0.500109375,0.506015625,5252,1225,8.625,23.1299991607666,0.25,0.22058755159378052,0.9431524422865166,0.056847557713483425,0.005535618580389237,0.32428693771362305,0.3715576231479645,0.3203149139881134,0.3710092604160309
resize50,LH2,0,-1,0.49215625,0.496875,5159,1201,7.5,19.423202514648438,0.2291666716337204,0.21331053972244263,0.675867017256683,0.3241329827433171,0.17801194753906072,0.32873988151550293,0.37350568175315857,0.3370540142059326,0.36292049288749695
resize50,LH2,0,0,0.200734375,0.22296875,2265,589,2.0,3.10546875,0.0833333283662796,0.09715982526540756,0.21791882061409126,0.7820811793859088,0.584040200137146,0.3252538740634918,0.40141159296035767,0.4020179212093353,0.20189328491687775
resize50,LH2,0,1,0.49896875,0.50625,5201,1279,7.75,19.27816390991211,0.2291666716337204,0.21783527731895447,0.6712730690076842,0.32872693099231576,0.18054869027661408,0.3308489918708801,0.3731638789176941,0.3387565016746521,0.3674853444099426
resize50,LH2,1,-1,0.497515625,0.504140625,5213,1240,8.75,23.98746109008789,0.23958343267440796,0.22015951573848724,0.9469610989842443,0.05303890101575573,0.0044888471418038575,0.3295564353466034,0.37270721793174744,0.3406064212322235,0.37557318806648254
resize50,LH2,1,0,0.5013125,0.50875,5272,1240,8.75,25.408124923706055,0.25000011920928955,0.22507324814796448,0.6320761830972281,0.36792381690277176,0.20460299180348362,0.3171909749507904,0.3668290376663208,0.6324414610862732,0.3761439621448517
resize50,LH2,1,1,0.4978125,0.506796875,5247,1240,8.5,23.456016540527344,0.24999994039535522,0.2202555537223816,0.952964069016573,0.047035930983426864,0.004230348304887683,0.32207369804382324,0.36866462230682373,0.3303452730178833,0.37391623854637146
resize50,HL2,-1,-1,0.502,0.50828125,5257,1249,7.75,25.550371170043945,0.25,0.218218594789505,0.9363314230767887,0.06366857692321122,0.0063720473523384315,0.3152114152908325,0.36776214838027954,0.31099095940589905,0.36959996819496155
resize50,HL2,-1,0,0.490875,0.4953125,5152,1188,6.0,19.28695297241211,0.2291666716337204,0.20795734226703644,0.6407203398531395,0.35927966014686047,0.2050590559973588,0.3186112940311432,0.37259382009506226,0.31615981459617615,0.35640817880630493
resize50,HL2,-1,1,0.503359375,0.507109375,5283,1208,8.0,25.6246280670166,0.25,0.2181013822555542,0.9341676522908733,0.06583234770912659,0.006434470079939591,0.3043822646141052,0.3651464581489563,0.32819029688835144,0.37875428795814514
resize50,HL2,0,-1,0.502875,0.50578125,5288,1186,8.0,26.643495559692383,0.25,0.21573810279369354,0.8356156817859357,0.16438431821406432,0.03396363052420466,0.3113875091075897,0.3706139028072357,0.42182421684265137,0.4064846336841583
resize50,HL2,0,0,0.222203125,0.249765625,2549,648,2.0,3.329882860183716,0.0833333283662796,0.09937173873186111,0.23858749472821983,0.7614125052717802,0.5641956539307116,0.30585625767707825,0.392525851726532,0.3848572075366974,0.20308098196983337
resize50,HL2,0,1,0.50096875,0.503125,5241,1199,7.5,26.3826961517334,0.23958337306976318,0.2189176380634308,0.6070903804517984,0.3929096195482017,0.22542299539216165,0.3147529065608978,0.3716980218887329,0.6507409811019897,0.3695290982723236
resize50,HL2,1,-1,0.5033125,0.509921875,5319,1208,7.75,24.859609603881836,0.25,0.21756835281848907,0.952847645168156,0.04715235483184399,0.004260688622141859,0.30913951992988586,0.36942726373672485,0.3032812178134918,0.369417667388916
resize50,HL2,1,0,0.501578125,0.504453125,5298,1159,6.0,18.694355010986328,0.2291666716337204,0.21282634139060974,0.6347835212275998,0.3652164787724002,0.21121264211826285,0.3128894865512848,0.3720678389072418,0.310063898563385,0.36248350143432617
resize50,HL2,1,1,0.50253125,0.507890625,5316,1185,7.75,25.1844539642334,0.2395833283662796,0.21741211414337158,0.9473448747626707,0.05265512523732929,0.0046031578655215625,0.31334957480430603,0.3698340952396393,0.3136640191078186,0.3728756010532379
resize50,combined,-1,-1,0.5006328125,0.50671875,10459,2513,8.0,24.410907745361328,0.25,0.21925334632396698,0.9685550661659408,0.03144493383405917,0.001967480220740202,0.3214103579521179,0.3698573708534241,0.32214340567588806,0.37175366282463074
resize50,combined,-1,0,0.4927109375,0.4969921875,10321,2402,7.0,21.816268920898438,0.2291666716337204,0.21299560368061066,0.7556217765755227,0.2443782234244775,0.09309917958250008,0.32012152671813965,0.3714996874332428,0.3709857165813446,0.3817758560180664
resize50,combined,-1,1,0.501734375,0.5065625,10535,2433,8.25,24.3773136138916,0.25,0.21934448182582855,0.9557265180792454,0.04427348192075463,0.002773396712914299,0.31430548429489136,0.3684910237789154,0.32424136996269226,0.3749113976955414
resize50,combined,0,-1,0.497515625,0.501328125,10447,2387,7.75,23.033349990844727,0.2291666716337204,0.21452434360980988,0.7743392216178084,0.22566077838219165,0.07892047784902913,0.3200383186340332,0.37215951085090637,0.37931808829307556,0.3875811696052551
resize50,combined,0,0,0.21146875,0.2363671875,4814,1237,2.0,3.2176756858825684,0.0833333283662796,0.09826578199863434,0.22966906288805466,0.7703309371119453,0.5712515400178048,0.31552672386169434,0.3970990478992462,0.39346206188201904,0.20266801118850708
resize50,combined,0,1,0.49996875,0.5046875,10442,2478,7.5,22.830429077148438,0.2291666716337204,0.21837645769119263,0.6574354164109026,0.34256458358909736,0.17768291732219638,0.3227773904800415,0.3725164532661438,0.4943033456802368,0.4001622498035431
resize50,combined,1,-1,0.5004140625,0.50703125,10532,2448,8.25,24.423534393310547,0.25,0.21886391937732697,0.9675282780908107,0.032471721909189365,0.002170775142303142,0.31931808590888977,0.3712064325809479,0.3219970762729645,0.3729841113090515
resize50,combined,1,0,0.5014453125,0.5066015625,10570,2399,7.5,22.051240921020508,0.2291666716337204,0.2189497947692871,0.6540542000990766,0.34594579990092345,0.18338532942818364,0.3150339126586914,0.3694716691970825,0.4717128574848175,0.4030326008796692
resize50,combined,1,1,0.500171875,0.50734375,10563,2425,8.0,24.320234298706055,0.23958337306976318,0.2188338041305542,0.9637607106599501,0.03623928934005007,0.002322622091398211,0.3176988661289215,0.36927732825279236,0.3220284879207611,0.37349092960357666
