condition,window,subband,statistic,target0_mean,target0_std,target1_mean,target1_std,standardized_mean_difference
resize25,3x3,LH2,center_phase,0.35067570209503174,0.366605281829834,0.3637048304080963,0.37043625116348267,0.03535473346710205
resize25,3x3,LH2,minimum_distance_to_bit0_lattice,0.02393750473856926,0.0373690128326416,0.024066701531410217,0.03822741657495499,0.0034178458154201508
resize25,3x3,LH2,minimum_distance_to_bit1_lattice,0.225409597158432,0.19878606498241425,0.2226470410823822,0.19749535620212555,-0.013942321762442589
resize25,3x3,LH2,neighborhood_phase_mean,0.35175561904907227,0.23947569727897644,0.36196374893188477,0.23434971272945404,0.043085627257823944
resize25,3x3,LH2,neighborhood_phase_std,0.23376980423927307,0.150374636054039,0.24498504400253296,0.1475197672843933,0.07529328763484955
resize25,3x3,LH2,neighborhood_phase_min,0.05256268382072449,0.10016965121030807,0.053317684680223465,0.10172765702009201,0.0074788355268538
resize25,3x3,LH2,neighborhood_phase_max,0.6935595870018005,0.40452834963798523,0.7238861918449402,0.3889981508255005,0.0764203816652298
resize25,3x3,HL2,center_phase,0.33435049653053284,0.3623404800891876,0.334118515253067,0.36446845531463623,-0.0006383528816513717
resize25,3x3,HL2,minimum_distance_to_bit0_lattice,0.023774782195687294,0.03933463245630264,0.022864751517772675,0.03775123134255409,-0.02360585145652294
resize25,3x3,HL2,minimum_distance_to_bit1_lattice,0.23644797503948212,0.20227853953838348,0.24028627574443817,0.20183995366096497,0.01899590529501438
resize25,3x3,HL2,neighborhood_phase_mean,0.336631178855896,0.24467243254184723,0.3339945375919342,0.23592637479305267,-0.01097050029784441
resize25,3x3,HL2,neighborhood_phase_std,0.2217838168144226,0.1533154398202896,0.23293322324752808,0.15250879526138306,0.07291356474161148
resize25,3x3,HL2,neighborhood_phase_min,0.052858952432870865,0.10539279133081436,0.04759325087070465,0.09388546645641327,-0.05275983735918999
resize25,3x3,HL2,neighborhood_phase_max,0.6637400388717651,0.418268620967865,0.685359001159668,0.4091118574142456,0.05225561559200287
resize25,3x3,combined,center_phase,0.34248921275138855,0.36456426978111267,0.34895390272140503,0.36777061223983765,0.017654841765761375
resize25,3x3,combined,minimum_distance_to_bit0_lattice,0.02385590597987175,0.0383673757314682,0.02346744015812874,0.03799550607800484,-0.010174084454774857
resize25,3x3,combined,minimum_distance_to_bit1_lattice,0.2309449464082718,0.20062094926834106,0.231441468000412,0.19986796379089355,0.0024795730132609606
resize25,3x3,combined,neighborhood_phase_mean,0.3441712558269501,0.24221369624137878,0.3480190932750702,0.2355526089668274,0.016106048598885536
resize25,3x3,combined,neighborhood_phase_std,0.22775927186012268,0.15197467803955078,0.2389763444662094,0.15014885365962982,0.07425352185964584
resize25,3x3,combined,neighborhood_phase_min,0.05271124839782715,0.10282214730978012,0.05046364665031433,0.09793815016746521,-0.0223842766135931
resize25,3x3,combined,neighborhood_phase_max,0.6786061525344849,0.41174599528312683,0.7046775817871094,0.39961758255958557,0.06425853073596954
resize25,5x5,LH2,center_phase,0.35067570209503174,0.366605281829834,0.3637048304080963,0.37043625116348267,0.03535473346710205
resize25,5x5,LH2,minimum_distance_to_bit0_lattice,0.0077720023691654205,0.014887056313455105,0.007298719137907028,0.013894185423851013,-0.03286876156926155
resize25,5x5,LH2,minimum_distance_to_bit1_lattice,0.17210310697555542,0.20156940817832947,0.16992086172103882,0.19967925548553467,-0.010877150110900402
resize25,5x5,LH2,neighborhood_phase_mean,0.35012075304985046,0.21781256794929504,0.3546789884567261,0.2125365287065506,0.021182304248213768
resize25,5x5,LH2,neighborhood_phase_std,0.25799500942230225,0.14233596622943878,0.2668953835964203,0.13770535588264465,0.06355603039264679
resize25,5x5,LH2,neighborhood_phase_min,0.015320862643420696,0.04135977476835251,0.01471446268260479,0.03663979470729828,-0.015520412474870682
resize25,5x5,LH2,neighborhood_phase_max,0.7690613865852356,0.39341989159584045,0.79432612657547,0.3760833740234375,0.0656483992934227
resize25,5x5,HL2,center_phase,0.33435049653053284,0.3623404800891876,0.334118515253067,0.36446845531463623,-0.0006383528816513717
resize25,5x5,HL2,minimum_distance_to_bit0_lattice,0.007953409105539322,0.015576599165797234,0.007817739620804787,0.015584404580295086,-0.00870764534920454
resize25,5x5,HL2,minimum_distance_to_bit1_lattice,0.18585345149040222,0.2078786939382553,0.19091148674488068,0.20849139988422394,0.024295836687088013
resize25,5x5,HL2,neighborhood_phase_mean,0.3362843096256256,0.2244718372821808,0.3315874934196472,0.22033315896987915,-0.021117625758051872
resize25,5x5,HL2,neighborhood_phase_std,0.24519622325897217,0.1474812626838684,0.25113892555236816,0.1441628634929657,0.040750473737716675
resize25,5x5,HL2,neighborhood_phase_min,0.015499290078878403,0.04268171638250351,0.014245728962123394,0.03692172095179558,-0.03141302242875099
resize25,5x5,HL2,neighborhood_phase_max,0.7360076308250427,0.4123341143131256,0.7544932961463928,0.40115150809288025,0.04544374719262123
resize25,5x5,combined,center_phase,0.34248921275138855,0.36456426978111267,0.34895390272140503,0.36777061223983765,0.017654841765761375
resize25,5x5,combined,minimum_distance_to_bit0_lattice,0.007862972095608711,0.015237009152770042,0.0075574880465865135,0.01476337481290102,-0.02036280371248722
resize25,5x5,combined,minimum_distance_to_bit1_lattice,0.17899839580059052,0.2048729956150055,0.18038621544837952,0.20438995957374573,0.006782039534300566
resize25,5x5,combined,neighborhood_phase_mean,0.3431822657585144,0.22128519415855408,0.34316620230674744,0.21676652133464813,-7.333653047680855e-05
resize25,5x5,combined,neighborhood_phase_std,0.25157690048217773,0.14508017897605896,0.25903964042663574,0.1411818563938141,0.05213439092040062
resize25,5x5,combined,neighborhood_phase_min,0.015410336665809155,0.042027972638607025,0.014480765908956528,0.036781370639801025,-0.023538267239928246
resize25,5x5,combined,neighborhood_phase_max,0.7524861693382263,0.4033544063568115,0.7744665741920471,0.3892935514450073,0.055451974272727966
resize50,3x3,LH2,center_phase,0.3252538740634918,0.40141159296035767,0.4020179212093353,0.20189328491687775,0.24160900712013245
resize50,3x3,LH2,minimum_distance_to_bit0_lattice,0.014712591655552387,0.025881053879857063,0.01730821095407009,0.029860472306609154,0.09289412200450897
resize50,3x3,LH2,minimum_distance_to_bit1_lattice,0.24016185104846954,0.19667652249336243,0.13202618062496185,0.1171603798866272,-0.6680120825767517
resize50,3x3,LH2,neighborhood_phase_mean,0.3252485692501068,0.24129891395568848,0.3844742476940155,0.18203508853912354,0.2771037518978119
resize50,3x3,LH2,neighborhood_phase_std,0.2389465719461441,0.1581360250711441,0.31666678190231323,0.0700429379940033,0.6355049014091492
resize50,3x3,LH2,neighborhood_phase_min,0.033689700067043304,0.07565857470035553,0.038628868758678436,0.07781530171632767,0.06435859203338623
resize50,3x3,LH2,neighborhood_phase_max,0.6798982620239258,0.4218222498893738,0.9308537244796753,0.10878855735063553,0.814702570438385
resize50,3x3,HL2,center_phase,0.30585625767707825,0.392525851726532,0.3848572075366974,0.20308098196983337,0.25279921293258667
resize50,3x3,HL2,minimum_distance_to_bit0_lattice,0.01435557659715414,0.026871077716350555,0.01692204549908638,0.031418848782777786,0.08779195696115494
resize50,3x3,HL2,minimum_distance_to_bit1_lattice,0.2526094913482666,0.1990913599729538,0.1421155035495758,0.12116677314043045,-0.6704690456390381
resize50,3x3,HL2,neighborhood_phase_mean,0.31173112988471985,0.24527721107006073,0.37108585238456726,0.18322908878326416,0.274171382188797
resize50,3x3,HL2,neighborhood_phase_std,0.22985664010047913,0.16051961481571198,0.3174234628677368,0.07385550439357758,0.7008578181266785
resize50,3x3,HL2,neighborhood_phase_min,0.034575968980789185,0.08316943794488907,0.03838737681508064,0.07931484282016754,0.04690098017454147
resize50,3x3,HL2,neighborhood_phase_max,0.6580658555030823,0.4305780827999115,0.9258354306221008,0.12661825120449066,0.8437514305114746
resize50,3x3,combined,center_phase,0.31552672386169434,0.3970990478992462,0.39346206188201904,0.20266801118850708,0.247219517827034
resize50,3x3,combined,minimum_distance_to_bit0_lattice,0.014533561654388905,0.02638276107609272,0.017115678638219833,0.030647948384284973,0.09029962867498398
resize50,3x3,combined,minimum_distance_to_bit1_lattice,0.24640390276908875,0.19798900187015533,0.13705644011497498,0.11928141862154007,-0.6690221428871155
resize50,3x3,combined,neighborhood_phase_mean,0.3184700906276703,0.2433958798646927,0.3777991533279419,0.1827540099620819,0.27566513419151306
resize50,3x3,combined,neighborhood_phase_std,0.2343883067369461,0.1594005823135376,0.3170439898967743,0.07197002321481705,0.66836017370224
resize50,3x3,combined,neighborhood_phase_min,0.03413413092494011,0.07951496541500092,0.03850846737623215,0.07856659591197968,0.05534178391098976
resize50,3x3,combined,neighborhood_phase_max,0.668950080871582,0.42637524008750916,0.9283517003059387,0.11804180592298508,0.8291999697685242
resize50,5x5,LH2,center_phase,0.3252538740634918,0.40141159296035767,0.4020179212093353,0.20189328491687775,0.24160900712013245
resize50,5x5,LH2,minimum_distance_to_bit0_lattice,0.004795103799551725,0.01091040950268507,0.004969477187842131,0.010795382782816887,0.016066765412688255
resize50,5x5,LH2,minimum_distance_to_bit1_lattice,0.17876765131950378,0.20105409622192383,0.10681650787591934,0.12060132622718811,-0.43401026725769043
resize50,5x5,LH2,neighborhood_phase_mean,0.32609713077545166,0.21809130907058716,0.3497382402420044,0.19268563389778137,0.11488484591245651
resize50,5x5,LH2,neighborhood_phase_std,0.26485389471054077,0.14680279791355133,0.31177130341529846,0.07501136511564255,0.4024779796600342
resize50,5x5,LH2,neighborhood_phase_min,0.009507562965154648,0.02903185598552227,0.009211166761815548,0.023843945935368538,-0.011157459579408169
resize50,5x5,LH2,neighborhood_phase_max,0.7711589336395264,0.396526962518692,0.9714943766593933,0.049345310777425766,0.7090274691581726
resize50,5x5,HL2,center_phase,0.30585625767707825,0.392525851726532,0.3848572075366974,0.20308098196983337,0.25279921293258667
resize50,5x5,HL2,minimum_distance_to_bit0_lattice,0.004417099989950657,0.010391308926045895,0.004754488356411457,0.011225246824324131,0.031192533671855927
resize50,5x5,HL2,minimum_distance_to_bit1_lattice,0.18839885294437408,0.20326530933380127,0.11775459349155426,0.12587159872055054,-0.41787275671958923
resize50,5x5,HL2,neighborhood_phase_mean,0.3130170404911041,0.22292836010456085,0.3303034007549286,0.19606620073318481,0.08234447985887527
resize50,5x5,HL2,neighborhood_phase_std,0.25584882497787476,0.14955049753189087,0.3064255118370056,0.07787897437810898,0.42420250177383423
resize50,5x5,HL2,neighborhood_phase_min,0.008722458966076374,0.03089975006878376,0.009007571265101433,0.024182673543691635,0.010276081040501595
resize50,5x5,HL2,neighborhood_phase_max,0.7523729205131531,0.4066890478134155,0.964069664478302,0.07866115123033524,0.7227554321289062
resize50,5x5,combined,center_phase,0.31552672386169434,0.3970990478992462,0.39346206188201904,0.20266801118850708,0.247219517827034
resize50,5x5,combined,minimum_distance_to_bit0_lattice,0.004605548456311226,0.010654937475919724,0.004862289875745773,0.011012324132025242,0.023695332929491997
resize50,5x5,combined,minimum_distance_to_bit1_lattice,0.18359734117984772,0.20222331583499908,0.11226993799209595,0.12337838858366013,-0.42582008242607117
resize50,5x5,combined,neighborhood_phase_mean,0.3195379674434662,0.22062714397907257,0.34004858136177063,0.19462117552757263,0.0985940545797348
resize50,5x5,combined,neighborhood_phase_std,0.2603381872177124,0.14825542271137238,0.3091060519218445,0.07650122791528702,0.4134049415588379
resize50,5x5,combined,neighborhood_phase_min,0.009113862179219723,0.029985656961798668,0.009109659120440483,0.024013638496398926,-0.00015472750237677246
resize50,5x5,combined,neighborhood_phase_max,0.7617383599281311,0.401764839887619,0.9677926301956177,0.06572436541318893,0.7157970666885376
